,Tweet
0,"Vijay Devarakonda : ‡∞Æ‡∞≥‡±ç‡∞≥‡±Ä ‡∞ö‡±á‡∞§‡±Å‡∞≤‡±Å ‡∞ï‡∞≤‡∞ø‡∞™‡∞ø‡∞® ‡∞™‡∞∞‡∞∂‡±Å‡∞∞‡∞æ‡∞Æ‡±ç, ‡∞µ‡∞ø‡∞ú‡∞Ø‡±ç ‡∞¶‡±á‡∞µ‡∞∞‡∞ï‡±ä‡∞Ç‡∞°.. ‡∞π‡±Ä‡∞∞‡±ã‡∞Ø‡∞ø‡∞®‡±ç ‡∞ó‡∞æ ‡∞∞‡∞∑‡±ç‡∞Æ‡∞ø‡∞ï ‡∞´‡∞ø‡∞ï‡±ç‡∞∏‡±á‡∞®‡∞æ 

 https://t.co/SqB74YBGcx 

#DilRaju #directorparasuram #geethagovindammovie #RashmikaMandanna #VijayDevarakonda #Prime9News"
1,"Honey Rose: ‡∞π‡±Ä‡∞ü‡±ç ‡∞™‡±Å‡∞ü‡±ç‡∞ü‡∞ø‡∞∏‡±ç‡∞§‡±Å‡∞®‡±ç‡∞® ‚Äò‡∞π‡∞®‡±Ä ‡∞∞‡±ã‡∞ú‡±ç‚Äô ‡∞π‡∞®‡±Ä ‡∞≤‡∞æ‡∞Ç‡∞ü‡∞ø ‡∞™‡∞ø‡∞ï‡±ç‡∞∏‡±ç..

#HoneyRose #HoneyRoseFilmHistory #HoneyRoseHotPhotos #HoneyRoseLatestPhotos #JrNtr #LataMageshkar #MaheshBabu #NTR30 #PawanKalyan #Pawankalyanonaha #PawanKalyanOnUnstoppable #Ssmb28 #VD13

https://t.co/ZYcDGnRcB2 https://t.co/x0HG6DfiqS"
2,"‡∞™‡±Ü‡∞®‡±Å ‡∞™‡±ç‡∞∞‡∞Æ‡∞æ‡∞¶‡∞Ç ‡∞§‡∞™‡±ç‡∞™‡∞ø.. ‡∞™‡∞¶‡±Å‡∞≤ ‡∞∏‡∞Ç‡∞ñ‡±ç‡∞Ø‡∞≤‡±ã ‡∞™‡±ç‡∞∞‡∞æ‡∞£‡∞æ‡∞≤‡±Å ‡∞®‡∞ø‡∞≤‡∞ø‡∞™‡∞ø‡∞® ‡∞µ‡∞ø‡∞¶‡±ç‡∞Ø‡∞æ‡∞∞‡±ç‡∞ß‡∞ø‡∞®‡∞ø ‡∞∏‡∞Æ‡∞Ø‡∞∏‡±ç‡∞´‡±Ç‡∞∞‡±ç‡∞§‡∞ø 
#Gujarat #heartattack #TeluguNews
https://t.co/tQuB17TRJp"
3,"Jr Ntr : ‡∞´‡±ç‡∞Ø‡∞æ‡∞®‡±ç‡∞∏‡±ç ‡∞ï‡∞ø ‡∞∏‡±ç‡∞µ‡±Ä‡∞ü‡±ç ‡∞µ‡∞æ‡∞∞‡±ç‡∞®‡∞ø‡∞Ç‡∞ó‡±ç ‡∞á‡∞∏‡±ç‡∞§‡±Ç‡∞®‡±á ‡∞®‡±Ü‡∞ï‡±ç‡∞∏‡±ç‡∞ü‡±ç ‡∞Æ‡±Ç‡∞µ‡±Ä ‡∞ó‡±Å‡∞∞‡∞ø‡∞Ç‡∞ö‡∞ø ‡∞∏‡∞∞‡±ç ‡∞™‡±ç‡∞∞‡±à‡∞ú‡±ç ‡∞ó‡∞ø‡∞´‡±ç‡∞ü‡±ç ‡∞á‡∞ö‡±ç‡∞ö‡∞ø‡∞® ‡∞Ø‡∞Ç‡∞ó‡±ç ‡∞ü‡±à‡∞ó‡∞∞‡±ç ‡∞é‡∞®‡±ç‡∞ü‡±Ä‡∞Ü‡∞∞‡±ç..

https://t.co/as830VFQED 

#amigosmovie #NandamuriFamily #nandamurikalyanram #NTR30Movie #RRRMovie #Prime9News"
4,"‡∞≤‡±á‡∞ü‡±Ü‡∞∏‡±ç‡∞ü‡±ç..‡∞Ö‡∞≤‡±ç‡∞≤‡±Å ‡∞Ö‡∞∞‡∞µ‡∞ø‡∞Ç‡∞¶‡±ç ‡∞ï‡±Ä‡∞≤‡∞ï ‡∞Æ‡±Ä‡∞ü‡∞ø‡∞Ç‡∞ó‡±ç.!

https://t.co/nm2jYqzbV6

#AlluAravind #Tollywood #123telugu"
5,"‡∞®‡±Ü‡∞ü‡±ç‡∞ü‡∞ø‡∞Ç‡∞ü ‡∞π‡∞≤‡±ç ‡∞ö‡∞≤‡±ç ‡∞ö‡±á‡∞∏‡±ç‡∞§‡±ã‡∞®‡±ç‡∞® ‡∞¨‡±Å‡∞ü‡±ç‡∞ü‡∞¨‡±ä‡∞Æ‡±ç‡∞Æ.. ‡∞≤‡±á‡∞ü‡±Ü‡∞∏‡±ç‡∞ü‡±ç ‡∞´‡±ä‡∞ü‡±ã‡∞∏‡±ç‚Äå‡∞§‡±ã ‡∞∞‡∞ö‡±ç‡∞ö
#PoojaHegde #Tollywood #ViralPhoto
https://t.co/2iOMxNAN7K"
6,"Daily Horoscope : ‡∞®‡±á‡∞°‡±Å ‡∞à ‡∞∞‡∞æ‡∞∂‡±Å‡∞≤ ‡∞µ‡∞æ‡∞∞‡∞ø‡∞ï‡∞ø ‡∞™‡±ç‡∞∞‡±á‡∞Æ ‡∞µ‡±ç‡∞Ø‡∞µ‡∞π‡∞æ‡∞∞‡∞æ‡∞≤‡∞≤‡±ã ‡∞Æ‡∞Ç‡∞ö‡∞ø ‡∞ú‡∞∞‡±Å‡∞ó‡±Å‡∞§‡±Å‡∞Ç‡∞¶‡∞®‡∞ø ‡∞§‡±Ü‡∞≤‡±Å‡∞∏‡∞æ..

 https://t.co/u6GjxdzlTM 

#astrologynews #bhaktinews #DailyHoroscope #devotional #DevotionalNews #Prime9News"
7,"‡∞µ‡∞∞‡±Å‡∞∏‡∞ó‡∞æ 261‡∞µ ‡∞∞‡±ã‡∞ú‡±Å ‡∞∏‡±ç‡∞•‡∞ø‡∞∞‡∞Ç‡∞ó‡∞æ ‡∞á‡∞Ç‡∞ß‡∞® ‡∞ß‡∞∞‡∞≤‡±Å.. ‡∞®‡±á‡∞°‡±Å ‡∞≤‡±Ä‡∞ü‡∞∞‡±Å ‡∞™‡±Ü‡∞ü‡±ç‡∞∞‡±ã‡∞≤‡±ç, ‡∞°‡±Ä‡∞ú‡∞ø‡∞≤‡±ç ‡∞ß‡∞∞‡∞≤‡±Å ‡∞á‡∞µ‡±á..
#petrolprices #petroldieselprices #fuelrates #crudeoilprices
https://t.co/o81vl9Vr8a"
8,"‡∞®‡∞ø‡∞Æ‡∞ø‡∞∑‡∞æ‡∞≤ ‡∞µ‡±ç‡∞Ø‡∞µ‡∞ß‡∞ø‡∞≤‡±ã ‡∞∞‡±Ü‡∞Ç‡∞°‡±Å ‡∞≠‡±Ç‡∞ï‡∞Ç‡∞™‡∞æ‡∞≤‡±Å.. ‡∞∏‡±Å‡∞®‡∞æ‡∞Æ‡±Ä ‡∞≠‡∞Ø‡∞æ‡∞≤‡±Å
#earthquake #tsunami #turkey #TeluguNews
 https://t.co/nXITKSmUsN"
9,"‡∞ü‡∞∞‡±ç‡∞ï‡±Ä‡∞≤‡±ã ‡∞≠‡∞æ‡∞∞‡±Ä ‡∞≠‡±Ç‡∞ï‡∞Ç‡∞™‡∞Ç.. ‡∞∂‡∞ø‡∞•‡∞ø‡∞≤‡∞æ‡∞≤ ‡∞ï‡∞ø‡∞Ç‡∞¶‡±á ‡∞ö‡∞ø‡∞ï‡±ç‡∞ï‡±Å‡∞ï‡±Å‡∞®‡∞ø ‡∞ï‡∞æ‡∞™‡∞æ‡∞°‡∞æ‡∞≤‡∞Ç‡∞ü‡±Ç ‡∞µ‡±Ä‡∞°‡∞ø‡∞Ø‡±ã‡∞≤‡±Å
https://t.co/vLZxFHNS8R
#Turkey #Earthquake #Istanbul #Tremors"
10,"‡∞¨‡∞æ‡∞ß‡∞ø‡∞§‡±Å‡∞∞‡∞æ‡∞≤‡∞ø ‡∞™‡∞ü‡±ç‡∞≤ ‡∞µ‡∞ø‡∞Æ‡∞æ‡∞® ‡∞∏‡∞ø‡∞¨‡±ç‡∞¨‡∞Ç‡∞¶‡∞ø ‡∞¶‡±Å‡∞∞‡±Å‡∞∏‡±Å ‡∞™‡±ç‡∞∞‡∞µ‡∞∞‡±ç‡∞§‡∞®
#airlines #americanairlines #cancer #TeluguNews https://t.co/6bpad6zKns"
11,"‡∞∏‡±ç‡∞•‡∞ø‡∞∞‡∞Ç‡∞ó‡∞æ ‡∞™‡∞∏‡∞ø‡∞°‡∞ø, ‡∞µ‡±Ü‡∞Ç‡∞°‡∞ø ‡∞ß‡∞∞‡∞≤‡±Å.. ‡∞®‡±á‡∞ü‡∞ø ‡∞≤‡±Ü‡∞ï‡±ç‡∞ï‡∞≤‡∞ø‡∞µ‡±á #goldrate #goldratetoday #goldrateupdate #silver https://t.co/2LQ71aqxSr"
12,"‡∞∏‡±Ç‡∞™‡∞∞‡±ç : ‡∞Æ‡∞π‡±á‡∞∑‡±ç ‡∞≤‡±á‡∞ü‡±Ü‡∞∏‡±ç‡∞ü‡±ç ‡∞≤‡±Å‡∞ï‡±ç ‡∞§‡±ã SSMB 28 ‡∞ï‡∞ø ‡∞Æ‡∞∞‡∞ø‡∞Ç‡∞§ ‡∞ï‡∞ø‡∞ï‡±ç

#Mahesh #MaheshBabu #SSMB28  #123telugu 

https://t.co/hVwXD3l6mi"
13,"‡∞µ‡∞Ø‡∞∏‡±Å ‡∞™‡±Ü‡∞∞‡∞ø‡∞ó‡∞ø‡∞®‡∞æ.. ‡∞∏‡±ä‡∞ó‡∞∏‡±Å ‡∞§‡∞∞‡±Å‡∞ó‡±Å‡∞®‡∞æ..
#ShriyaSaran #Tollywood #TelugucinemaNews #TeluguNews
https://t.co/TLqwEq9Gx7"
14,"Unstoppable With NBK S2: ‡∞™‡∞µ‡∞∞‡±ç ‡∞´‡±à‡∞®‡∞≤‡±ç ‡∞™‡∞æ‡∞∞‡±ç‡∞ü‡±ç 2 ‡∞™‡±ç‡∞∞‡±ã‡∞Æ‡±ã ‡∞µ‡∞ö‡±ç‡∞ö‡±á‡∞∏‡∞ø‡∞Ç‡∞¶‡∞ø.. ‡∞¨‡∞æ‡∞≤‡∞Ø‡±ç‡∞Ø ‡∞™‡±ç‡∞∞‡∞∂‡±ç‡∞®‡∞≤‡∞ï‡±Å ‡∞™‡∞µ‡∞®‡±ç ‡∞∞‡∞ø‡∞Ø‡∞æ‡∞ï‡±ç‡∞∑‡∞®‡±ç
#UnstoppableWithNBK2   #Pawanakalyan #TV9Telugu

https://t.co/sYaTI3T5TF"
15,"Upasana: ‡∞Æ‡±Ä ‡∞∏‡±ç‡∞™‡∞∞‡±ç‡∞∂‡∞§‡±ã ‡∞ö‡∞æ‡∞≤‡∞æ ‡∞Æ‡∞Ç‡∞¶‡∞ø‡∞ï‡∞ø ‡∞ú‡±Ä‡∞µ‡∞ø‡∞§‡∞æ‡∞≤‡±Å ‡∞Ö‡∞Ç‡∞¶‡∞ø‡∞Ç‡∞ö‡∞æ‡∞∞‡±Å.. ‡∞â‡∞™‡∞æ‡∞∏‡∞® ‡∞é‡∞Æ‡±ã‡∞∑‡∞®‡∞≤‡±ç ‡∞ü‡±ç‡∞µ‡±Ä‡∞ü‡±ç
Read More &gt;&gt; https://t.co/W1JH8KC7ki

#upasana #Telugunews #Telugu #Prime9News #Prime9  #RamCharan"
16,"Unstoppable 2 Latest Promo: ‡∞Ö‡∞®‡±ç ‡∞∏‡±ç‡∞ü‡∞æ‡∞™‡∞¨‡±Å‡∞≤‡±ç 2 ‡∞≤‡±á‡∞ü‡±Ü‡∞∏‡±ç‡∞ü‡±ç ‡∞™‡±ç‡∞∞‡±ã‡∞Æ‡±ã.. ‡∞Ü‡∞∏‡∞ï‡±ç‡∞§‡∞ø‡∞ï‡∞∞‡∞Ç‡∞ó‡∞æ ‡∞™‡∞µ‡∞®‡±ç - ‡∞¨‡∞æ‡∞≤‡∞Ø‡±ç‡∞Ø ‡∞∞‡∞æ‡∞ú‡∞ï‡±Ä‡∞Ø ‡∞∏‡∞Ç‡∞≠‡∞æ‡∞∑‡∞£..

#JrNtr #Kargil #ManOfMassesNTR #NBKwithPSPK #NBKPawanUnstoppablepromo #NTRForAmigos #PawanKalyanUnstoppable2 #PawanKalyan #Pawankalyanonaha

https://t.co/w7pntCm9Eq https://t.co/jNGPnQkbn6"
17,"‡∞Ö‡∞Æ‡±Ü‡∞∞‡∞ø‡∞ï‡∞æ ‡∞ó‡∞ó‡∞®‡∞§‡∞≤‡∞Ç‡∞≤‡±ã‡∞ï‡∞ø ‡∞ö‡±à‡∞®‡∞æ ‡∞¨‡±Ü‡∞≤‡±Ç‡∞®‡±ç.. ‡∞∞‡±ã‡∞ú‡±Å‡∞≤ ‡∞§‡∞∞‡∞¨‡∞°‡∞ø.. ‡∞∏‡±Å‡∞®‡±ç‡∞®‡∞ø‡∞§‡∞Æ‡±à‡∞® ‡∞é‡∞Ø‡∞ø‡∞∞‡±ç‚Äå‡∞¨‡±á‡∞∏‡±ç‚Äå‡∞≤‡±Å, ‡∞Ö‡∞£‡±Å ‡∞Æ‡∞ø‡∞∏‡±ç‡∞∏‡±à‡∞≥‡±ç‡∞≤‡±Å ‡∞≠‡∞¶‡±ç‡∞∞‡∞™‡∞∞‡∞ø‡∞ö‡∞ø‡∞® ‡∞™‡±ç‡∞∞‡∞¶‡±á‡∞∂‡∞æ‡∞≤ ‡∞Æ‡±Ä‡∞¶‡±Å‡∞ó‡∞æ ‡∞™‡∞Ø‡∞®‡∞Ç.. ‡∞Ö‡∞¶‡±Å‡∞®‡±Å ‡∞ö‡±Ç‡∞∏‡∞ø‡∞® ‡∞ï‡±Ç‡∞≤‡±ç‡∞ö‡±á‡∞∏‡∞ø‡∞® ‡∞Ö‡∞ó‡±ç‡∞∞‡∞∞‡∞æ‡∞ú‡±ç‡∞Ø‡∞Ç.. ‡∞ó‡±Å‡∞∞‡±ç‡∞∞‡∞Æ‡∞Ç‡∞ü‡±ã‡∞®‡±ç‡∞® ‡∞ö‡±à‡∞®‡∞æ..
#ChinaBalloon #USA
https://t.co/fFBF0GHEhl"
18,"‡∞Ö‡∞®‡±ç ‡∞∏‡±ç‡∞ü‡∞æ‡∞™‡∞¨‡±Å‡∞≤‡±ç ‡∞∑‡±ã ‡∞∞‡±Ü‡∞Ç‡∞°‡±ã ‡∞∏‡±Ä‡∞ú‡∞®‡±ç ‡∞¨‡±Ä‡∞≠‡∞§‡±ç‡∞∏‡∞Ç‡∞ó‡∞æ ‡∞¶‡±Ç‡∞∏‡±Å‡∞ï‡±Å‡∞™‡±ã‡∞§‡±ã‡∞Ç‡∞¶‡∞ø..!
#PawanKalyanOnAHA #UnstoppableWithNBKS2 #PawanKalyan #PawanKalyanOnUnstoppable #Balakrishna #UnstoppableWithNBK2 #AHa #OTT 

https://t.co/YOUhGBaiVT"
19,"NBK - PSPK Unstoppable 2 Latest Promo: ‡∞™‡∞µ‡∞®‡±ç ‡∞ï‡∞≥‡±ç‡∞Ø‡∞æ‡∞£‡±ç‚Äå‡∞ï‡±Å ‡∞¨‡∞æ‡∞≤‡∞ï‡±É‡∞∑‡±ç‡∞£ ‡∞Ö‡∞Æ‡±Ç‡∞≤‡±ç‡∞Ø‡∞Æ‡±à‡∞® ‡∞∏‡∞≤‡∞π‡∞æ.. ‡∞™‡±Ä‡∞ï‡±á ‡∞Ö‡∞∏‡∞≤‡±Å ‡∞´‡±ç‡∞Ø‡∞æ‡∞®‡±ç‡∞∏‡±ç ‡∞í‡∞™‡±ç‡∞™‡±Å‡∞ï‡±Å‡∞Ç‡∞ü‡∞æ‡∞∞‡∞æ..
#Balakrishna #PawanKalyan #PSPK #NBK #Balayya #UnstoppableWithNBKS2
https://t.co/cGvkSpbRJl"
20,"‡∞™‡∞µ‡∞∞‡±ç ‡∞´‡±à‡∞®‡∞≤‡±ç ‡∞™‡∞æ‡∞∞‡±ç‡∞ü‡±ç 2 ‡∞™‡±ç‡∞∞‡±ã‡∞Æ‡±ã ‡∞µ‡∞ö‡±ç‡∞ö‡±á‡∞∏‡∞ø‡∞Ç‡∞¶‡∞ø.. ‡∞¨‡∞æ‡∞≤‡∞Ø‡±ç‡∞Ø ‡∞™‡±ç‡∞∞‡∞∂‡±ç‡∞®‡∞≤‡∞ï‡±Å ‡∞™‡∞µ‡∞®‡±ç ‡∞∞‡∞ø‡∞Ø‡∞æ‡∞ï‡±ç‡∞∑‡∞®‡±ç

#UnstoppableWithNBK #PawanKalyanOnAha

https://t.co/sYaTI3T5TF"
21,#Varshini : ‡∞µ‡∞∞‡±ç‡∞∑‡∞ø‡∞£‡∞ø ‡∞Ö‡∞Ç‡∞¶‡∞æ‡∞≤‡±Å ‡∞Ü‡∞∞‡∞¨‡±ã‡∞∏‡±ç‡∞§‡±ã‡∞Ç‡∞¶‡∞ø .. ‡∞™‡±ä‡∞∞‡∞™‡∞æ‡∞ü‡±Å‡∞® ‡∞ï‡±Ç‡∞°‡∞æ ‡∞ú‡±Ç‡∞Æ‡±ç ‡∞ö‡±á‡∞Ø‡∞ï‡∞Ç‡∞°‡∞ø ‡∞§‡∞ü‡±ç‡∞ü‡±Å‡∞ï‡±ã‡∞≤‡±á‡∞∞‡±Å ! #dailytelugunews https://t.co/o2cx0gNVcB
22,"‡∞Æ‡±Ç‡∞°‡±Å ‡∞∞‡∞æ‡∞ú‡∞ß‡∞æ‡∞®‡±Å‡∞≤‡∞§‡±ã‡∞®‡±á ‡∞Ö‡∞≠‡∞ø‡∞µ‡±É‡∞¶‡±ç‡∞ß‡∞ø.. ‡∞§‡∞™‡±ç‡∞™‡∞Ç‡∞§‡∞æ ‡∞ó‡∞§ ‡∞™‡±ç‡∞∞‡∞≠‡±Å‡∞§‡±ç‡∞µ‡∞æ‡∞®‡∞ø‡∞¶‡±á
#AndhraPradesh #YSRCP 
https://t.co/xdfuV3VmTC"
23,"‡∞Æ‡±Ä‡∞ï‡±Å ‡∞π‡±à‡∞¶‡∞∞‡∞æ‡∞¨‡∞æ‡∞¶‡±ç‚Äå‡∞≤‡±ã ‡∞á‡∞≤‡±ç‡∞≤‡±Å‡∞Ç‡∞¶‡∞æ ‡∞Ö‡∞®‡±á‡∞¶‡∞ø ‡∞í‡∞ï‡∞™‡±ç‡∞™‡∞ü‡∞ø ‡∞ü‡±ç‡∞∞‡±Ü‡∞Ç‡∞°‡±ç.. ‡∞Æ‡±Ä‡∞ï‡±Å ‡∞¶‡±Å‡∞¨‡∞æ‡∞Ø‡±ç‚Äå‡∞≤‡±ã ‡∞á‡∞≤‡±ç‡∞≤‡±Å‡∞Ç‡∞¶‡∞æ ‡∞Ö‡∞®‡±á‡∞¶‡∞ø ‡∞≤‡±á‡∞ü‡±Ü‡∞∏‡±ç‡∞ü‡±ç ‡∞ü‡±ç‡∞∞‡±Ü‡∞Ç‡∞°‡±ç.. ‡∞ï‡±ã‡∞ü‡±ç‡∞≤‡±Å ‡∞ï‡±Å‡∞∞‡∞ø‡∞™‡∞ø‡∞∏‡±ç‡∞§‡±Å‡∞®‡±ç‡∞® ‡∞¶‡±Å‡∞¨‡∞æ‡∞Ø‡±ç ‡∞∞‡∞ø‡∞Ø‡∞≤‡±ç ‡∞é‡∞∏‡±ç‡∞ü‡±á‡∞ü‡±ç ‡∞Æ‡∞æ‡∞∞‡±ç‡∞ï‡±Ü‡∞ü‡±ç.. ‡∞á‡∞≥‡±ç‡∞≤ ‡∞ï‡±ä‡∞®‡±Å‡∞ó‡±ã‡∞≤‡±Å‡∞ï‡±Å ‡∞ï‡±ç‡∞Ø‡±Ç ‡∞ï‡∞°‡±Å‡∞§‡±Å‡∞®‡±ç‡∞® ‡∞≠‡∞æ‡∞∞‡∞§‡±Ä‡∞Ø‡±Å‡∞≤‡±Å..
#Dubai  
https://t.co/xsjoKRHFQY"
24,"‡∞π‡∞®‡±Ä ‡∞∞‡±ã‡∞ú‡±ç ‡∞™‡±á‡∞∞‡±Å ‡∞á‡∞™‡±ç‡∞™‡±Å‡∞°‡±Å ‡∞∏‡±ã‡∞∑‡∞≤‡±ç ‡∞Æ‡±Ä‡∞°‡∞ø‡∞Ø‡∞æ‡∞≤‡±ã ‡∞¨‡∞æ‡∞ó‡∞æ ‡∞µ‡±à‡∞∞‡∞≤‡±ç ‡∞Ö‡∞µ‡±Å‡∞§‡±ä‡∞Ç‡∞¶‡∞ø..!
#HoneyRose #malayalam #fans #ViralVideo #TollywoodNews #Viral #FilmiBeatTelugu 

https://t.co/e5DfMLNZQE"
25,"‡∞°‡±à‡∞Æ‡∞Ç‡∞°‡±ç ‡∞®‡±Ü‡∞ï‡±ç‡∞≤‡±Ü‡∞∏‡±ç‚Äå ‡∞ï‡±ä‡∞ü‡±ç‡∞ü‡±á‡∞∏‡∞ø‡∞® ‡∞é‡∞≤‡±Å‡∞ï.. ‡∞µ‡±Ä‡∞°‡∞ø‡∞Ø‡±ã ‡∞µ‡±à‡∞∞‡∞≤‡±ç.. ‡∞´‡∞®‡±ç‡∞®‡±Ä ‡∞ï‡∞æ‡∞Æ‡±Ü‡∞Ç‡∞ü‡±ç‡∞∏‡±ç ‡∞ö‡±á‡∞∏‡±ç‡∞§‡±ã‡∞®‡±ç‡∞® ‡∞®‡±Ü‡∞ü‡∞ø‡∞ú‡∞®‡±ç‡∞∏‡±ç..

#viralvideo  #rat #daimond #necklace #theft
https://t.co/lCemtO42eE"
26,"‡∞ï‡±á‡∞§‡∞ø‡∞ï ‡∞™‡±Ü‡∞ü‡±ç‡∞ü‡∞ø‡∞Ç‡∞ö‡±á‡∞∏‡±ç‡∞§‡±ã‡∞Ç‡∞¶‡∞ø ‡∞ï‡±Ü‡∞µ‡±ç‡∞µ‡±Å ‡∞ï‡±á‡∞ï.. ‡∞≠‡∞æ‡∞∞‡±Ä ‡∞Ö‡∞Ç‡∞¶‡∞æ‡∞≤ ‡∞™‡±ç‡∞∞‡∞¶‡∞∞‡±ç‡∞∂‡∞® ‡∞Ö‡∞Ç‡∞ü‡±á ‡∞á‡∞¶‡±á‡∞®‡±á‡∞Æ‡±ã
https://t.co/wYoreHJFms
#photoshoot #tollywood @KetikaSharma001"
27,"‡∞ü‡∞æ‡∞≤‡±Ä‡∞µ‡±Å‡∞°‡±ç ‡∞ü‡∞æ‡∞≤‡±Ü‡∞Ç‡∞ü‡±Ü‡∞°‡±ç ‡∞π‡±Ä‡∞∞‡±ã ‡∞µ‡∞ø‡∞ú‡∞Ø‡±ç ‡∞¶‡±á‡∞µ‡∞∞‡∞ï‡±ä‡∞Ç‡∞° ‡∞ó‡∞§ ‡∞è‡∞°‡∞æ‡∞¶‡∞ø ‡∞≤‡±à‡∞ó‡∞∞‡±ç ‡∞∏‡∞ø‡∞®‡∞ø‡∞Æ‡∞æ‡∞§‡±ã..!
#VD13 #VijayDevarakonda #DilRaju #UpcomingMovie #TollywoodNews #FilmiBeatTelugu 

https://t.co/NwbNaWogfs"
28,"‡∞¨‡±ã‡∞≤‡±ç‡∞°‡±Å ‡∞∑‡±ã‡∞§‡±ã ‡∞ï‡∞µ‡±ç‡∞µ‡∞ø‡∞∏‡±ç‡∞§‡±ã‡∞®‡±ç‡∞® ‡∞ï‡±Å‡∞Æ‡∞æ‡∞∞‡∞ø.. ‡∞ö‡±Ä‡∞∞‡∞≤‡±ã‡∞®‡±Ç ‡∞∏‡±Ü‡∞ó‡∞≤‡±Å ‡∞∞‡±á‡∞™‡±á‡∞≤‡∞æ ‡∞ü‡±ç‡∞∞‡±Ä‡∞ü‡±ç..!
#HebahPatel #HebahPatelPhotos #actresslife #ActressGallery #stunning_shots #viral #FilmiBeatTelugu  

 https://t.co/OdNrhCNoPb"
29,"Ts Cabinet Meeting: ‡∞¨‡∞°‡±ç‡∞ú‡±Ü‡∞ü‡±ç‚Äå‡∞ï‡±Å ‡∞§‡±Ü‡∞≤‡∞Ç‡∞ó‡∞æ‡∞£ ‡∞ï‡±á‡∞¨‡∞ø‡∞®‡±Ü‡∞ü‡±ç ‡∞Ü‡∞Æ‡±ã‡∞¶‡∞Ç.. ‡∞à ‡∞∏‡∞æ‡∞∞‡∞ø ‡∞¨‡∞°‡±ç‡∞ú‡±Ü‡∞ü‡±ç ‡∞é‡∞Ç‡∞§‡∞Ç‡∞ü‡±á

 https://t.co/7j0Lg6Xl5h 

#BRS #cabinetmeeting #CMKCR #tsbudget #tslatestnews #Prime9News"
30,"Janasena Activists : ‡∞Æ‡∞æ‡∞∞‡±ç‡∞™‡±Å‡∞ï‡±Å ‡∞∂‡±ç‡∞∞‡±Ä‡∞ï‡∞æ‡∞∞‡∞Ç.. ‡∞ï‡±ä‡∞Ç‡∞° ‡∞ï‡±ä‡∞®‡∞≤‡±ç‡∞≤‡±ã ‡∞∏‡±à‡∞§‡∞Ç ‡∞ï‡∞¶‡∞Ç ‡∞§‡±ä‡∞ï‡±ç‡∞ï‡±Å‡∞§‡±Å‡∞®‡±ç‡∞® ‡∞ú‡∞®‡∞∏‡±à‡∞®‡∞ø‡∞ï‡±Å‡∞≤‡±Å..

 https://t.co/rOF3CDwcxu 

#APPolitics #Janasena #janasenaactivists #janasenachiefpawankalyan #janasenanipawankalyan #Pallakonda #Prime9News"
31,"‡∞≠‡∞µ‡∞ø‡∞∑‡±ç‡∞Ø‡∞§‡±ç ‡∞Æ‡∞π‡∞Æ‡±ç‡∞Æ‡∞æ‡∞∞‡±Å‡∞≤‡∞ï‡±Å ‡∞≠‡∞æ‡∞∞‡∞§‡±ç ‡∞∏‡∞ø‡∞¶‡±ç‡∞ß‡∞Ç..!

#india #COVID19 #Telugunews #news #Bigtvnews

 https://t.co/QgDZkAFUM0"
32,"Bhanupriya: ‡∞ú‡±ç‡∞û‡∞æ‡∞™‡∞ï‡∞∂‡∞ï‡±ç‡∞§‡∞ø ‡∞§‡∞ó‡±ç‡∞ó‡∞°‡∞Ç‡∞§‡±ã.. ‡∞∏‡±Ü‡∞ü‡±ç‚Äå‡∞ï‡±Å ‡∞µ‡±Ü‡∞≥‡±ç‡∞≤‡∞ø ‡∞°‡±à‡∞≤‡∞æ‡∞ó‡±ç‡∞∏‡±ç‚Äå ‡∞Æ‡∞∞‡±ç‡∞ö‡∞ø‡∞™‡±ã‡∞Ø‡∞æ: ‡∞≠‡∞æ‡∞®‡±Å‡∞™‡±ç‡∞∞‡∞ø‡∞Ø
#TeluguCinemaNews #Tollywood #CinemaNews #Bhanupriya #Eenadu 
https://t.co/thBpjMY8jd"
33,"‡∞ï‡∞æ‡∞≤‡∞∞‡±ç ‡∞™‡∞ï‡±ç‡∞ï‡∞ï‡±Å ‡∞ú‡∞∞‡∞ø‡∞™‡∞ø ‡∞ö‡±Ç‡∞™‡±Å‡∞≤‡∞§‡±ã ‡∞Æ‡∞§‡±ç‡∞§‡±Ü‡∞ï‡±ç‡∞ï‡∞ø‡∞∏‡±ç‡∞§‡±Å‡∞®‡±ç‡∞® ‡∞Ö‡∞®‡∞∏‡±Ç‡∞Ø.. ‡∞µ‡±à‡∞∞‡∞≤‡±ç ‡∞™‡∞ø‡∞ï‡±ç‡∞∏‡±ç? - Anasuya   #Anasuya #anasuyaglamor #anasuyaoffers #AnchorAnasuya #Jabardasth #Tollywood #Telugu #TeluguStop

https://t.co/zuz3V1tVJ4"
34,"‡∞ö‡∞∞‡∞£‡±ç - ‡∞∂‡∞Ç‡∞ï‡∞∞‡±ç ‡∞∏‡∞ø‡∞®‡∞ø‡∞Æ‡∞æ‡∞™‡±à ‡∞≤‡±á‡∞ü‡±Ü‡∞∏‡±ç‡∞ü‡±ç ‡∞Ö‡∞™‡±ç‡∞°‡±á‡∞ü‡±ç!

https://t.co/KQTcRJcEo5

#RamCharan #Shankar #RC15 #KiaraAdvani #123telugu"
35,"Sundeep Kishan: ‡∞∞‡∞ø‡∞≤‡±á‡∞∑‡∞®‡±ç‚Äå‡∞∑‡∞ø‡∞™‡±ç‚Äå ‡∞®‡∞æ‡∞ï‡±Å ‡∞∏‡±Ü‡∞ü‡±ç‚Äå ‡∞ï‡∞æ‡∞¶‡±Å.. ‡∞¨‡±ç‡∞∞‡±á‡∞ï‡∞™‡±ç‚Äå ‡∞¶‡±Ü‡∞¨‡±ç‡∞¨ ‡∞ó‡∞ü‡±ç‡∞ü‡∞ø‡∞ó‡∞æ ‡∞§‡∞ó‡∞ø‡∞≤‡∞ø‡∞Ç‡∞¶‡∞ø: ‡∞∏‡∞Ç‡∞¶‡±Ä‡∞™‡±ç‚Äå ‡∞ï‡∞ø‡∞∑‡∞®‡±ç‚Äå
#TeluguCinemaNews #Tollywood #SundeepKishan #eenadu 
@sundeepkishan
https://t.co/hTiAoDNO32"
36,"175 ‡∞≤‡±á‡∞¶‡±Å ‡∞¨‡±ä‡∞ï‡±ç‡∞ï‡∞æ ‡∞≤‡±á‡∞¶‡±Å.. 10 ‡∞∏‡±Ä‡∞ü‡±ç‡∞≤‡±ä‡∞∏‡±ç‡∞§‡±á ‡∞é‡∞ï‡±ç‡∞ï‡±Å‡∞µ. ‡∞à‡∞∏‡∞æ‡∞∞‡∞ø ‡∞®‡±á‡∞®‡±Å ‡∞ï‡±Ç‡∞°‡∞æ ‡∞™‡±ã‡∞ü‡±Ä ‡∞ö‡±á‡∞Ø‡∞®‡±Åüî•üòÜ
  Latest comments by @RojaSelvamaniRK"
37,"‡∞¨‡±ä‡∞¶‡±ç‡∞¶‡±Å‡∞ó‡∞æ ‡∞Æ‡±Å‡∞¶‡±ç‡∞¶‡±Å‡∞ó‡∞æ ‡∞â‡∞®‡±ç‡∞® ‡∞Ö‡∞Æ‡±ç‡∞Æ‡∞æ‡∞Ø‡∞ø.. ‡∞á‡∞™‡±ç‡∞™‡±Å‡∞°‡±Å ‡∞ü‡∞æ‡∞≤‡±Ä‡∞µ‡±Å‡∞°‡±ç ‡∞ï‡±ç‡∞∞‡±á‡∞ú‡±Ä ‡∞π‡±Ä‡∞∞‡±ã‡∞Ø‡∞ø‡∞®‡±ç.. ‡∞á‡∞™‡±ç‡∞™‡±Å‡∞°‡±Å ‡∞ö‡±Ç‡∞∏‡±ç‡∞§‡±á ‡∞Æ‡±à‡∞Ç‡∞°‡±ç ‡∞¨‡±ç‡∞≤‡∞æ‡∞Ç‡∞ï‡±á.. ‡∞ó‡±Å‡∞∞‡±ç‡∞§‡±Å‡∞™‡∞ü‡±ç‡∞ü‡∞Ç‡∞°‡∞ø..
#Actress #Tollywood #tollywoodactress 
https://t.co/nyRr1p8LEB"
38,"‡∞ö‡±Å‡∞ü‡±ç‡∞ü‡±Å ‡∞ï‡±ä‡∞≤‡∞§‡∞≤‡±Å ‡∞ö‡±Ç‡∞™‡∞ø‡∞∏‡±ç‡∞§‡±ã‡∞®‡±ç‡∞® ‡∞∞‡∞∑‡±ç‡∞Æ‡±Ä.. ‡∞ö‡±Ä‡∞∞‡∞≤‡±ã‡∞®‡±Ç ‡∞π‡∞æ‡∞ü‡±ç ‡∞´‡±ã‡∞ú‡±Å‡∞≤‡∞§‡±ã ‡∞Ö‡∞∞‡∞æ‡∞ö‡∞ï‡∞Ç..!
#RashmiGautam #Rashmi #AnchorRashmi #actresslife #ActressGallery #stunning_shots #viral #FilmiBeatTelugu 

https://t.co/syQVOpm3Bp"
39,"‡∞∏‡±à‡∞°‡±ç ‡∞®‡±Å‡∞Ç‡∞ö‡∞ø ‡∞é‡∞¶ ‡∞Ö‡∞Ç‡∞¶‡∞æ‡∞≤‡±Å ‡∞ö‡±Ç‡∞™‡∞ø‡∞∏‡±ç‡∞§‡±Å‡∞®‡±ç‡∞® ‡∞Ö‡∞®‡±Å‡∞™‡∞Æ.. ‡∞°‡∞ø‡∞´‡∞∞‡±Ü‡∞Ç‡∞ü‡±ç ‡∞°‡±ç‡∞∞‡±Ü‡∞∏‡±ç‡∞∏‡±Å‡∞≤‡±ã ‡∞™‡±ã‡∞ú‡±Å‡∞≤‡±Å..!
#Anupama #anupamaparameshwaran #actresslife #ActressGallery #stunning_shots #viral #FilmiBeatTelugu 

https://t.co/K4cUWuTCF0"
40,"‡∞Æ‡∞∞‡±ã ‡∞∞‡∞ø‡∞ï‡∞æ‡∞∞‡±ç‡∞°‡±Å‡∞®‡±Å ‡∞¨‡∞¶‡±ç‡∞¶‡∞≤‡±Å ‡∞ï‡±ä‡∞ü‡±ç‡∞ü‡∞ø‡∞® ‡∞™‡∞†‡∞æ‡∞®‡±ç.. ‡∞ï‡∞≤‡±Ü‡∞ï‡±ç‡∞∑‡∞®‡±ç‡∞≤ ‡∞∏‡±Å‡∞®‡∞æ‡∞Æ‡±Ä‡∞®‡∞ø ‡∞∏‡±É‡∞∑‡±ç‡∞ü‡∞ø‡∞∏‡±ç‡∞§‡±ã‡∞Ç‡∞¶‡∞ø‡∞ó‡∞æ? - Pathanna Movie   #CroreClub #Baahubali #Bollywood #Dangal #KGF #Pathan #Telugu #TeluguStop

https://t.co/F8gy99MI7S"
41,"Good Married Life: ‡∞™‡±Ü‡∞≥‡±ç‡∞≤‡∞ø‡∞ï‡∞ø ‡∞Æ‡±Å‡∞Ç‡∞¶‡±Å.. ‡∞µ‡∞ß‡±Ç‡∞µ‡∞∞‡±Å‡∞≤‡±Å ‡∞à ‡∞§‡∞™‡±ç‡∞™‡±Å‡∞≤‡±Å ‡∞Ö‡∞∏‡±ç‡∞∏‡∞≤‡±Å ‡∞ö‡±á‡∞Ø‡∞ï‡∞Ç‡∞°‡∞ø..

##NBK #10SignsofaBadRelationship #AdaniScam #BenefitsofLoveRelationships #ButtaBommaMovieReview #CR7 #Dontdothesemistakesbeforemarriage #GoodMarriedLife #Kushi #Nayanathara

https://t.co/cAsa4RL019 https://t.co/OdFyrPguDC"
42,"Sakshi Telugu News: ‡∞Ö‡∞¶‡∞æ‡∞®‡±Ä-‡∞π‡∞ø‡∞Ç‡∞°‡±Ü‡∞®‡±ç‚Äå‡∞¨‡∞∞‡±ç‡∞ó‡±ç‚Äå ‡∞∏‡∞Ç‡∞ï‡±ç‡∞∑‡±ã‡∞≠‡∞Ç: ‡∞µ‡∞æ‡∞∞‡∞ø‡∞ï‡∞ø ‡∞Ü‡∞®‡∞Ç‡∞¶‡±ç‚Äå ‡∞Æ‡∞π‡±Ä‡∞Ç‡∞¶‡±ç‡∞∞ ‡∞π‡±Ü‡∞ö‡±ç‡∞ö‡∞∞‡∞ø‡∞ï.
https://t.co/m5WI2SrpuN

via @GoogleNews"
43,"‡∞§‡±ä‡∞Æ‡±ç‡∞Æ‡∞ø‡∞¶‡±ã ‡∞§‡∞∞‡∞ó‡∞§‡∞ø ‡∞µ‡∞ø‡∞¶‡±ç‡∞Ø‡∞æ‡∞∞‡±ç‡∞•‡∞ø‡∞®‡∞ø‡∞ï‡∞ø ‡∞ï‡∞°‡±Å‡∞™‡±Å‡∞®‡±ä‡∞™‡±ç‡∞™‡∞ø.. ‡∞Ü‡∞∏‡±Å‡∞™‡±ç‡∞∞‡∞§‡∞ø‡∞ï‡∞ø ‡∞§‡±Ä‡∞∏‡±Å‡∞ï‡±Ü‡∞≥‡±ç‡∞≤‡∞ø‡∞§‡±á ‡∞Ü‡∞°‡∞¨‡∞ø‡∞°‡±ç‡∞°‡∞ï‡±Å ‡∞ú‡∞®‡±ç‡∞Æ‡∞®‡∞ø‡∞Ç‡∞ö‡∞ø‡∞Ç‡∞¶‡∞ø..! | Vidhaatha | Latest Telugu News
https://t.co/Akik214nwG"
44,"‡∞ñ‡∞°‡±ç‡∞ó‡∞Æ‡±É‡∞ó‡∞Ç ‡∞¶‡±Ü‡∞¨‡±ç‡∞¨‡∞ï‡±Å ‡∞™‡∞ü‡∞æ‡∞™‡∞Ç‡∞ö‡∞≤‡±à‡∞® ‡∞ú‡∞®‡∞Ç... ‡∞™‡∞≤‡±Å‡∞µ‡±Å‡∞∞‡∞ø‡∞ï‡∞ø ‡∞ó‡∞æ‡∞Ø‡∞æ‡∞≤‡±Å! - Viral Latest   #animallovers #Assam #Rhino #rhinoceros #Telugu #TeluguStop

https://t.co/zxSttv4aA0"
45,"‡∞ö‡∞æ‡∞≤‡∞æ ‡∞≠‡∞æ‡∞∑‡∞≤ ‡∞ï‡∞Ç‡∞ü‡±á ‡∞§‡±Ü‡∞≤‡±Å‡∞ó‡±Å ‡∞¨‡±Å‡∞≤‡±ç‡∞≤‡∞ø‡∞§‡±Ü‡∞∞‡∞™‡±à ‡∞ö‡∞æ‡∞≤‡∞æ ‡∞∞‡∞ï‡∞æ‡∞≤ ‡∞∏‡±Ä‡∞∞‡∞ø‡∞Ø‡∞≥‡±ç‡∞≤‡±Å ‡∞µ‡∞∏‡±ç‡∞§‡±Å‡∞®‡±ç‡∞®‡∞æ‡∞Ø‡∞ø..!
#IntintiGruhalakshmi #IntintiGruhalakshmiSerial #WeeklyRoundUp #DailySerial #TeluguSerial #StarMaa #StarMaaSerials #FilmiBeatTelugu

https://t.co/oGO8b06OgT"
46,"YS ‡∞∞‡∞æ‡∞ú‡∞∂‡±á‡∞ñ‡∞∞‡±ç ‡∞∞‡±Ü‡∞°‡±ç‡∞°‡∞ø.. ‡∞™‡∞ó‡∞¨‡∞ü‡±ç‡∞ü‡∞°‡∞Ç ‡∞µ‡∞≤‡±ç‡∞≤‡±á ‡∞™‡∞æ‡∞≤‡∞ï‡±Å‡∞∞‡±ç‡∞§‡∞ø‡∞ï‡∞ø ‡∞µ‡∞ö‡±ç‡∞ö‡∞æ: ‡∞é‡∞∞‡±ç‡∞∞‡∞¨‡±Ü‡∞≤‡±ç‡∞≤‡∞ø | Vidhaatha | Latest Telugu News
https://t.co/j5UpWBYUhM"
47,"‚Äò‡∞Ö‡∞¶‡∞æ‡∞®‡±Ä‚Äô ‡∞ó‡±ç‡∞∞‡±Ç‡∞™‡±ç ‡∞Æ‡∞æ‡∞Ø‡∞æ‡∞ú‡∞æ‡∞≤‡∞Ç.. ‡∞¶‡±á‡∞∂ ‡∞ö‡∞∞‡∞ø‡∞§‡±ç‡∞∞‡∞≤‡±ã‡∞®‡±á ‡∞ï‡∞®‡±Ä ‡∞µ‡∞ø‡∞®‡±Ä ‡∞é‡∞∞‡±Å‡∞ó‡∞®‡∞ø ‡∞ï‡±Å‡∞Ç‡∞≠‡∞ï‡±ã‡∞£‡∞Ç | Vidhaatha | Latest Telugu News
https://t.co/sxHzQiZdeF"
48,"https://t.co/l4JdwyVr1X
Gold Rate Today: ‡∞ó‡±Å‡∞°‡±ç‚Äç‡∞®‡±ç‡∞Ø‡±Ç‡∞∏‡±ç: ‡∞≠‡∞æ‡∞∞‡±Ä‡∞ó‡∞æ ‡∞¶‡∞ø‡∞ó‡±ä‡∞ö‡±ç‡∞ö‡∞ø‡∞® ‡∞¨‡∞Ç‡∞ó‡∞æ‡∞∞‡∞Ç ‡∞ß‡∞∞.. ‡∞µ‡±Ü‡∞Ç‡∞°‡∞ø ‡∞ï‡±Ç‡∞°‡∞æ ‡∞°‡±å‡∞®‡±ç.. ‡∞®‡±á‡∞ü‡∞ø ‡∞ß‡∞∞‡∞≤‡∞ø‡∞µ‡±á..
#GoldRate #GoldPrice #SilverRate #Gold #SilverPrice"
49,Deepika Pilli: ‡∞¶‡±Ä‡∞™‡∞ø‡∞ï ‡∞™‡∞ø‡∞≤‡±ç‡∞≤‡∞ø ‡∞ï‡∞µ‡±ç‡∞µ‡∞ø‡∞Ç‡∞§-‡∞ï‡±Å‡∞∞‡±ç‡∞∞‡∞ï‡∞æ‡∞∞‡±Å‡∞ï‡±Å ‡∞ó‡∞ø‡∞≤‡∞ø‡∞ó‡∞ø‡∞Ç‡∞§ https://t.co/VGGuJo4jkx
50,"‡∞Ö‡∞Æ‡±ç‡∞Æ ‡∞¨‡∞æ‡∞¨‡±ã‡∞Ø‡±ç.. ‡∞à ‡∞™‡∞ø‡∞≤‡±ç‡∞≤‡∞≤‡±Å‡∞®‡±ç‡∞®‡∞æ‡∞∞‡±á, ‡∞ï‡±ä‡∞Ç‡∞™ ‡∞Æ‡±Å‡∞Ç‡∞ö‡±Å‡∞§‡∞æ‡∞∞‡±á!
‡∞ö‡∞ø‡∞µ‡∞∞‡∞ø‡∞ï‡∞ø ‡∞ï‡∞°‡±Å‡∞™‡±Å‡∞¨‡±ç‡∞¨‡∞æ ‡∞®‡∞µ‡±ç‡∞µ‡±Å‡∞ï‡±ã‡∞µ‡∞æ‡∞≤‡±ç‡∞∏‡∞ø‡∞Ç‡∞¶‡±á..
#DadPhone #BoyOrdersFood #America  
https://t.co/z6agJefROI"
51,Power Star Pawan Kalyan:‡∞π‡∞∞‡∞ø‡∞π‡∞∞ ‡∞µ‡±Ä‡∞∞‡∞Æ‡∞≤‡±ç‡∞≤‡±Å ‡∞é‡∞µ‡∞∞‡±Å..? ‡∞Ü‡∞Ø‡∞® ‡∞™‡∞æ‡∞§‡±ç‡∞∞‡∞≤‡±ã ‡∞™‡∞µ‡∞∞‡±ç ‡∞∏‡±ç‡∞ü‡∞æ‡∞∞‡±ç ‡∞®‡∞ü‡∞ø‡∞Ç‡∞ö‡∞°‡∞æ‡∞®‡∞ø‡∞ï‡∞ø ‡∞ï‡∞æ‡∞∞‡∞£‡∞Ç.. https://t.co/kmKxP2N2qI
52,"‡∞§‡±Ü‡∞≤‡±Å‡∞ó‡±Å‡∞¶‡±á‡∞∂‡∞Ç ‡∞™‡∞æ‡∞∞‡±ç‡∞ü‡±Ä ‡∞ú‡∞æ‡∞§‡±Ä‡∞Ø ‡∞™‡±ç‡∞∞‡∞ß‡∞æ‡∞® ‡∞ï‡∞æ‡∞∞‡±ç‡∞Ø‡∞¶‡∞∞‡±ç‡∞∂‡∞ø ‡∞®‡∞æ‡∞∞‡∞æ ‡∞≤‡±ã‡∞ï‡±á‡∞∑‡±ç ‡∞ó‡∞§ ‡∞®‡±Ü‡∞≤ 27‡∞µ ‡∞§‡±á‡∞¶‡±Ä‡∞® ‡∞Ø‡±Å‡∞µ‡∞ó‡∞≥‡∞Ç ‡∞™‡±á‡∞∞‡±Å‡∞§‡±ã..!!
#Tarakaratna #TarakaRatnaHealthUpdate #NaraLokesh #TDP #Yuvagalam #OneIndiaTelugu
https://t.co/equvXoRKk6"
53,Anupama Parameswaran: ‡∞™‡±Ü‡∞¶‡±ç‡∞¶ ‡∞ó‡±å‡∞®‡±Å‡∞≤‡±ã ‡∞Æ‡±Ü‡∞∏‡±ç‡∞Æ‡∞∞‡±à‡∞ú‡±ç ‡∞ö‡±á‡∞∏‡±ç‡∞§‡±Å‡∞®‡±ç‡∞® ‡∞Ö‡∞®‡±Å‡∞™‡∞Æ https://t.co/aRxULrr0fS
54,"#Inaya : ‡∞á‡∞®‡∞Ø‡∞æ ‡∞∏‡±Å‡∞≤‡±ç‡∞§‡∞æ‡∞® ‡∞™‡±Ü‡∞ü‡±ç‡∞ü‡∞ø‡∞® ‡∞á‡∞®‡±ç ‡∞∏‡±ç‡∞ü‡∞æ ‡∞∏‡±ç‡∞ü‡±ã‡∞∞‡±Ä ‡∞ö‡±Ç‡∞∏‡∞æ‡∞∞‡∞æ .. ‡∞∏‡±ã‡∞π‡±Ü‡∞≤‡±ç ‡∞ó‡±Å‡∞∞‡∞ø‡∞Ç‡∞ö‡±á‡∞®‡∞æ ?? #dailytelugunews
 https://t.co/jo0egaVMAi"
55,"Jabardasth: ‡∞õ‡±á‡∞ú‡∞ø‡∞Ç‡∞ó‡±ç‚Äå ‡∞Æ‡±ç‡∞Ø‡∞æ‡∞∞‡±á‡∞ú‡±ç‚Äå ‡∞Ö‡∞Ç‡∞ü‡±á ‡∞§‡±Ü‡∞≤‡±Å‡∞∏‡∞æ..?
#Jabardasth #JabardasthLatestPromo #SowmyaRao #Indraja #KrishnaBhagavaan #TeluguNews
https://t.co/Zs97BWvHdk"
56,"‡∞ï‡±ä‡∞™‡±ç‡∞™‡±Å‡∞® ‡∞™‡±Ç‡∞≤‡±Ü‡∞ü‡±ç‡∞ü‡±Å‡∞ï‡±Å‡∞®‡∞ø.. ‡∞ö‡±Ä‡∞∞‡∞ï‡∞ü‡±ç‡∞ü‡±Å‡∞≤‡±ã ‡∞ú‡∞¨‡∞∞‡±ç‡∞¶‡∞∏‡±ç‡∞§‡±ç‚Äå‡∞ó‡∞æ ‡∞ï‡∞®‡∞ø‡∞™‡∞ø‡∞Ç‡∞ö‡∞ø‡∞® ‡∞Ø‡∞æ‡∞Ç‡∞ï‡∞∞‡±ç ‡∞∏‡±å‡∞Æ‡±ç‡∞Ø
https://t.co/shwOzWkbGG
#photoshoot #Sowmya"
57,"‡∞™‡±ç‡∞∞‡∞≠‡∞æ‡∞∏‡±ç ‡∞≤‡∞Ç‡∞¨‡±ã‡∞∞‡±ç‡∞ò‡∞ø‡∞®‡∞ø‡∞®‡∞ø ‡∞é‡∞™‡±ç‡∞™‡±Å‡∞°‡±à‡∞®‡∞æ ‡∞ö‡±Ç‡∞∂‡∞æ‡∞∞‡∞æ..? ‡∞°‡∞æ‡∞∞‡±ç‡∞≤‡∞ø‡∞Ç‡∞ó‡±ç ‡∞ó‡±ç‡∞Ø‡∞æ‡∞∞‡±á‡∞ú‡±ç‚Äå‡∞≤‡±ã ‡∞è‡∞Ø‡±á ‡∞ï‡∞æ‡∞∞‡±ç‡∞≤‡±Å ‡∞â‡∞®‡±ç‡∞®‡∞æ‡∞Ø‡±ã ‡∞§‡±Ü‡∞≤‡±ç‡∞∏‡∞æ..?

#Prabhas #EntertainmentNews 

https://t.co/LIGORvTiPi"
58,#PoojaHegde :  ‡∞™‡±à‡∞® ‡∞è‡∞Æ‡±Ä ‡∞≤‡±á‡∞ï‡±Å‡∞Ç‡∞°‡∞æ ‡∞™‡±Ç‡∞ú‡∞æ ‡∞π‡±Ü‡∞ó‡±ç‡∞°‡±á ‡∞´‡±ã‡∞ü‡±ã ‡∞∑‡±Ç‡∞ü‡±ç .. ‡∞ì‡∞∞‡∞ø ‡∞®‡∞æ‡∞Ø‡∞®‡±ã .. ‡∞è‡∞Ç‡∞¶‡∞Ø‡±ç‡∞Ø‡∞æ ‡∞á‡∞≤‡∞æ ‡∞â‡∞Ç‡∞¶‡∞ø ! #dailytelugunews https://t.co/kRkErqo57A
59,#biggbosshimaja  : ‡∞®‡∞≤‡±ç‡∞≤‡∞ü‡∞ø ‡∞ö‡±Ä‡∞∞ ‡∞ï‡∞ü‡±ç‡∞ü‡∞ø ‡∞ï‡∞æ‡∞µ‡∞æ‡∞≤‡±ç‡∞∏‡∞ø‡∞Ç‡∞¶‡∞ø ‡∞Ö‡∞Ç‡∞§‡∞æ ‡∞ö‡±Ç‡∞™‡∞ø‡∞∏‡±ç‡∞§‡±ã‡∞®‡±ç‡∞® ‡∞¨‡∞ø‡∞ó‡±ç ‡∞¨‡∞æ‡∞∏‡±ç ‡∞π‡∞ø‡∞Æ‡∞ú ‚Äî ‡∞Ü‡∞π‡∞æ ‡∞Ö‡∞¨‡±ç‡∞¨‡∞æ‡∞Ø‡∞ø‡∞≤‡∞ï‡∞ø ‡∞™‡∞Ç‡∞°‡∞ó‡±á ! #dailytelugunews https://t.co/2pXC78vc2D
60,"Samantha : ‡∞ö‡±à‡∞§‡±ã ‡∞µ‡∞ø‡∞°‡∞ø‡∞™‡±ã‡∞Ø‡∞ø‡∞®‡∞æ ‡∞Ö‡∞ï‡±ç‡∞ï‡∞ø‡∞®‡±á‡∞®‡∞ø ‡∞´‡±ç‡∞Ø‡∞æ‡∞Æ‡∞ø‡∞≤‡±Ä‡∞§‡±ã ‡∞á‡∞Ç‡∞ï‡∞æ ‡∞ü‡∞ö‡±ç‚Äå‡∞≤‡±ã ‡∞â‡∞®‡±ç‡∞® ‡∞∏‡∞Æ‡∞Ç‡∞§
https://t.co/3Nsiyf44MC
#samantha #AkhilAkkineni #agent #MovieNews"
61,#AnchorVarshini : ‡∞Ø‡∞æ‡∞Ç‡∞ï‡∞∞‡±ç ‡∞µ‡∞∞‡±ç‡∞∑‡∞ø‡∞£‡∞ø ‡∞®‡∞ø ‡∞¶‡∞æ‡∞∞‡±Å‡∞£‡∞Ç‡∞ó‡∞æ ‡∞Ö‡∞µ‡∞Æ‡∞æ‡∞®‡∞ø‡∞Ç‡∞ö‡∞æ‡∞∞‡±Å .. ‡∞á‡∞ï ‡∞é‡∞™‡±ç‡∞™‡∞ü‡∞ø‡∞ï‡±Ä ‡∞Æ‡∞®‡∞ï‡∞ø ‡∞ï‡∞®‡∞ø‡∞™‡∞ø‡∞Ç‡∞ö‡∞ï‡±Å‡∞Ç‡∞°‡∞æ ‡∞ó‡±Å‡∞°‡±ç ‡∞¨‡±à ? #dailytelugunews https://t.co/EVAlP3Gbhh
62,"‡∞Ö‡∞¶‡∞æ‡∞®‡±Ä-‡∞π‡∞ø‡∞Ç‡∞°‡±Ü‡∞®‡±ç‚Äå‡∞¨‡∞∞‡±ç‡∞ó‡±ç‚Äå ‡∞∏‡∞Ç‡∞ï‡±ç‡∞∑‡±ã‡∞≠‡∞Ç: ‡∞µ‡∞æ‡∞∞‡∞ø‡∞ï‡∞ø ‡∞Ü‡∞®‡∞Ç‡∞¶‡±ç‚Äå ‡∞Æ‡∞π‡±Ä‡∞Ç‡∞¶‡±ç‡∞∞ ‡∞π‡±Ü‡∞ö‡±ç‡∞ö‡∞∞‡∞ø‡∞ï
https://t.co/ArFzl59vNq
#AdaniGroup #hindenburg #AnandMahindra"
63,"""‡∞Æ‡∞π‡±á‡∞∑‡±ç 28"" ‡∞Ü ‡∞µ‡∞æ‡∞∞‡±ç‡∞§‡∞≤‡±ç‡∞≤‡±ã ‡∞®‡∞ø‡∞ú‡∞Ç ‡∞≤‡±á‡∞¶‡±Å.!

https://t.co/uLv9MdxG7k

#SSMB28 #MaheshBabu #TrivikramSrinivas #123telugu"
64,"Ktr in Assembly: ‡∞Æ‡±ã‡∞¶‡±Ä ‡∞≠‡∞ú‡∞® ‡∞Ü‡∞™‡∞Ç‡∞°‡∞ø.. ‡∞µ‡∞ø‡∞≠‡∞ú‡∞® ‡∞π‡∞æ‡∞Æ‡±Ä‡∞≤‡∞®‡±Å ‡∞®‡±Ü‡∞∞‡∞µ‡±á‡∞∞‡±ç‡∞ö‡∞Ç‡∞°‡∞ø-  ‡∞ï‡±á‡∞ü‡±Ä‡∞Ü‡∞∞‡±ç‚Äå

 https://t.co/sQ7rW0K7z6 

#Assemblysessions #Hyderabad  #KTR #tsassembly #tslatestnews #Prime9News"
65,"‡∞∞‡∞æ‡∞ï‡∞ø‡∞Ç‡∞ó‡±ç ‡∞∞‡∞æ‡∞ï‡±á‡∞∑‡±ç ‡∞∏‡±Å‡∞ú‡∞æ‡∞§ ‡∞ï‡∞Ç‡∞ü‡±á ‡∞Æ‡±Å‡∞Ç‡∞¶‡±Å ‡∞Ü ‡∞¨‡±Å‡∞≤‡±ç‡∞≤‡∞ø‡∞§‡±Ü‡∞∞ ‡∞®‡∞ü‡∞ø‡∞®‡∞ø ‡∞™‡±ç‡∞∞‡±á‡∞Æ‡∞ø‡∞Ç‡∞ö‡∞æ‡∞°‡∞æ..?

‡∞¨‡±Å‡∞≤‡±ç‡∞≤‡∞ø‡∞§‡±Ü‡∞∞ ‡∞ú‡∞Ç‡∞ü‡∞≤‡±ç‡∞≤‡±ã ‡∞∞‡∞æ‡∞ï‡∞ø‡∞Ç‡∞ó‡±ç ‡∞∞‡∞æ‡∞ï‡±á‡∞∑‡±ç, ‡∞ú‡±ã‡∞∞‡±ç‡∞¶‡∞æ‡∞∞‡±ç ‡∞∏‡±Å‡∞ú‡∞æ‡∞§ ‡∞ó‡±Å‡∞∞‡∞ø‡∞Ç‡∞ö‡∞ø ‡∞™‡±ç‡∞∞‡∞§‡±ç‡∞Ø‡±á‡∞ï ‡∞™‡∞∞‡∞ø‡∞ö‡∞Ø‡∞Ç ‡∞Ö‡∞ï‡±ç‡∞ï‡∞∞‡±ç

#sujatha #Bigboss #Jabardasth #Comedian

@sujathamohan @SrideviBKapoor 

https://t.co/UokeAfCuEr"
66,"‚Äú‡∞é‡∞®‡±ç‡∞ü‡±Ä‡∞Ü‡∞∞‡±ç 30‚Äù ‡∞™‡±à ‡∞≤‡±á‡∞ü‡±Ü‡∞∏‡±ç‡∞ü‡±ç ‡∞¨‡∞ú‡±ç.!

https://t.co/cjO7HafS0S

#NTR30 #JrNTR #KoratalaSiva #Anirudh #123telugu #RRRMovie"
67,"‡∞Æ‡∞Ç‡∞ü‡∞≤‡∞®‡±Å ‡∞Ö‡∞¶‡±Å‡∞™‡±Å‡∞ö‡±á‡∞∏‡±á ‡∞ï‡±ç‡∞∞‡∞Æ‡∞Ç‡∞≤‡±ã ‡∞™‡±ç‡∞∞‡∞æ‡∞£‡∞æ‡∞≤‡±Å ‡∞ï‡±ã‡∞≤‡±ç‡∞™‡±ã‡∞Ø‡∞ø‡∞® ‡∞™‡∞≤‡±Å‡∞µ‡±Å‡∞∞‡±Å
#chili #fire #forest #TeluguNews   
https://t.co/CgfSh3032V"
68,‡∞™‡±ç‡∞∞‚Äå‡∞Æ‡±Å‡∞ñ ‡∞∏‡∞ø‡∞Ç‡∞ó‚Äå‡∞∞‡±ç ‡∞µ‡∞æ‡∞£‡∞ø ‡∞ú‚Äå‡∞Ø‚Äå‡∞∞‡∞æ‡∞Ç ‡∞ï‚Äå‡∞®‡±ç‡∞®‡±Å‡∞Æ‡±Ç‡∞§‚Äå https://t.co/j7wHWpl10j via @Vidhaatha | Latest News #VaniJayaram #singers  #teluguaudio  #TeluguNews  #Telangana #AndhraPradesh #Vishwanath #KVishwanath #RipLegend #HariHaraVeeraMallu #ButtaBomma #ButtaBommaOnFeb4th #PawanakalyanOnAha
69,"Anikha Surendran: ‡∞¨‡±Å‡∞ü‡±ç‡∞ü‡∞¨‡±ä‡∞Æ‡±ç‡∞Æ ‡∞π‡±Ä‡∞∞‡±ã‡∞Ø‡∞ø‡∞®‡±ç ‡∞Ö‡∞®‡∞ø‡∞ñ‡∞æ ‡∞∏‡±Å‡∞∞‡±á‡∞Ç‡∞¶‡±ç‡∞∞‡∞®‡±ç ‡∞≤‡±á‡∞ü‡±Ü‡∞∏‡±ç‡∞ü‡±ç ‡∞´‡±ã‡∞ü‡±ã‡∞≤‡±Å..

##NBK #AnikhaSurendralatestpics #Anikhasurendran #AskSRK #ButtaBommaMovieReview #ButtaBommaMovieReviewinTelugu #ButtaBomma #ButtaBommaMovieReview #ButtaBommaHeroine #Pathaan

https://t.co/VC9lGkxFGL https://t.co/ldr86n1vIv"
70,"https://t.co/EEX3MNQYeS

 Sai Pallavi Latest Movie Update: ‡∞ú‡∞æ‡∞ï‡±ç ‡∞™‡∞æ‡∞ü‡±ç ‡∞ï‡±ä‡∞ü‡±ç‡∞ü‡∞ø‡∞® ‡∞∏‡∞æ‡∞Ø‡∞ø ‡∞™‡∞≤‡±ç‡∞≤‡∞µ‡∞ø.. ‡∞á‡∞ï ‡∞´‡±ç‡∞Ø‡∞æ‡∞®‡±ç‡∞∏‡±ç ‡∞ï‡∞ø ‡∞™‡±Ç‡∞®‡∞ï‡∞æ‡∞≤‡±á ! 

#Saipallavi #movie #Updates #IRATV #IRAMedia"
71,"‡∞ï‡∞≥‡∞æ‡∞§‡∞™‡∞∏‡±ç‡∞µ‡∞ø ‡∞ï‡∞æ‡∞∂‡±Ä‡∞®‡∞æ‡∞•‡±Å‡∞®‡∞ø ‡∞µ‡∞ø‡∞∂‡±ç‡∞µ‡∞®‡∞æ‡∞•‡±ç ‡∞ó‡∞æ‡∞∞‡∞ø‡∞ï‡∞ø ‡∞§‡∞æ‡∞®‡∞æ ‡∞Ö‡∞∂‡±ç‡∞∞‡±Å ‡∞®‡∞ø‡∞µ‡∞æ‡∞≥‡∞ø | Latest Telugu ... https://t.co/MjPCDCghRg via @YouTube 
#telugutimes #k_viswanadh #TANA #latestnews"
72,"‡∞¨‡±Ä‡∞ú‡±á‡∞™‡±Ä ‡∞®‡±á‡∞§‡∞≤‡±Å ‡∞ó‡∞µ‡∞∞‡±ç‡∞®‡∞∞‡±ç‚Äå‡∞®‡∞ø ‡∞Ö‡∞µ‡∞Æ‡∞æ‡∞®‡∞ø‡∞∏‡±ç‡∞§‡±Å‡∞®‡±ç‡∞®‡∞æ‡∞∞‡±Å: ‡∞Æ‡∞Ç‡∞§‡±ç‡∞∞‡∞ø ‡∞ú‡∞ó‡∞¶‡±Ä‡∞∂‡±ç‚Äå‡∞∞‡±Ü‡∞°‡±ç‡∞°‡∞ø | Vidhaatha | Latest Telugu News
https://t.co/AM6tAsF7Ya"
73,"‡∞µ‡∞ö‡±ç‡∞ö‡±á ‡∞®‡±Ü‡∞≤‡∞≤‡±ã ‡∞™‡±ç‡∞∞‡∞∏‡∞µ‡∞Ç.. ‡∞¶‡±á‡∞∂‡∞Ç‡∞≤‡±ã‡∞®‡±á ‡∞§‡±ä‡∞≤‡∞ø ‡∞ü‡±ç‡∞∞‡∞æ‡∞®‡±ç‡∞∏‡±ç‚Äå‡∞ú‡∞Ç‡∞°‡∞∞‡±ç ‡∞ú‡∞Ç‡∞ü‡∞ó‡∞æ ‡∞∞‡∞ø‡∞ï‡∞æ‡∞∞‡±ç‡∞°‡±Å
#transgenderrights #kerala #TeluguNews 
https://t.co/ho53mBu0Mk"
74,"#TarakaRatna : ‡∞§‡∞æ‡∞∞‚Äå‡∞ï‚Äå‡∞∞‚Äå‡∞§‡±ç‡∞®‚Äå‡∞®‡∞ø ‡∞µ‡∞ø‡∞¶‡±á‡∞∂‡∞æ‡∞≤‚Äå‡∞ï‡∞ø ‡∞§‚Äå‡∞∞‚Äå‡∞≤‡∞ø‡∞Ç‡∞ö‚Äå‡∞®‡±Å‡∞®‡±ç‡∞®‡∞æ‡∞∞‡∞æ.. ‡∞™‡±ç‡∞∞‚Äå‡∞§‡±ç‡∞Ø‡±á‡∞ï ‡∞é‡∞Ø‡∞ø‡∞∞‡±ç ‡∞Ö‡∞Ç‡∞¨‡±Å‡∞≤‡±Ü‡∞®‡±ç‡∞∏‡±ç ‡∞ï‡±Ç‡∞°‡∞æ ‡∞è‡∞∞‡±ç‡∞™‡∞æ‡∞ü‡±Å ‡∞ö‡±á‡∞∂‡∞æ‡∞∞‡∞æ..! 
#TarakaRatnahealthupdate 
https://t.co/0Ah0dNJiRf"
75,"‡∞ï‡±ã‡∞ü‡±Ä‡∞∂‡±ç‡∞µ‡∞∞‡±Å‡∞≤ ‡∞µ‡∞≤‡∞∏‡∞≤‡±Å.. ‡∞ó‡∞Æ‡±ç‡∞Ø‡∞∏‡±ç‡∞•‡∞æ‡∞®‡∞Ç‡∞ó‡∞æ ‡∞∏‡∞ø‡∞Ç‡∞ó‡±ç‚Äå‡∞™‡±Ç‡∞∞‡±ç
#billionaire #China #singapore #TeluguNews https://t.co/srNg7BdVXc"
76,"#Samantha | ‡∞ï‡∞∑‡±ç‡∞ü‡∞ï‡∞æ‡∞≤‡∞Ç ‡∞Æ‡±Å‡∞ó‡∞ø‡∞∏‡∞ø‡∞Ç‡∞¶‡∞ø.. ‡∞ó‡∞ü‡±ç‡∞ü‡∞ø‡∞ó‡∞æ ‡∞ä‡∞™‡∞ø‡∞∞‡∞ø ‡∞™‡±Ä‡∞≤‡±ç‡∞ö‡±Å‡∞ï‡±ã.. ‡∞∏‡∞Æ‡∞Ç‡∞§ ‡∞é‡∞Æ‡±ã‡∞∑‡∞®‡∞≤‡±ç‚Äå ‡∞®‡±ã‡∞ü‡±ç‚Äå ‡∞µ‡±à‡∞∞‡∞≤‡±ç‚Äå..!
https://t.co/PYRVTEH6D2"
77,"‡∞Ö‡∞≤‡±ç‡∞≤‡±Å ‡∞Ö‡∞∞‡±ç‡∞ú‡±Å‡∞®‡±ç ‡∞∏‡∞§‡±Ä‡∞Æ‡∞£‡∞ø ‡∞∏‡±ç‡∞®‡±á‡∞π‡∞æ‡∞∞‡±Ü‡∞°‡±ç‡∞°‡∞ø ‡∞¨‡±ç‡∞Ø‡±Ç‡∞ü‡∞ø‡∞´‡±Å‡∞≤‡±ç‚Äå ‡∞´‡±ã‡∞ü‡±ã‡∞≤‡±Å
https://t.co/rJi910EotZ
#SnehaReddy #AlluSnehaReddy #AlluArjun #Tollywood"
78,"‡∞®‡±Ü‡∞ü‡±ç‡∞ü‡∞ø‡∞Ç‡∞ü ‡∞µ‡±à‡∞∞‡∞≤‡±ç‚Äå‡∞ó‡∞æ ‡∞Æ‡∞æ‡∞∞‡∞ø‡∞® ‡∞∂‡∞ø‡∞Ç‡∞¨‡±Å ‡∞≤‡±á‡∞ü‡±Ü‡∞∏‡±ç‡∞ü‡±ç‚Äå ‡∞∏‡∞æ‡∞Ç‡∞ó‡±ç‚Äå..
https://t.co/a4QXQc64Lm
#Simbu #Kollywood #HBDsimbu"
79,"‡∞Ö‡∞ß‡∞ø‡∞ï ‡∞∞‡∞ï‡±ç‡∞§‡∞™‡±ã‡∞ü‡±Å‡∞§‡±ã ‡∞¨‡∞æ‡∞ß‡∞™‡∞°‡±Å‡∞§‡±Å‡∞®‡±ç‡∞®‡∞æ‡∞∞‡∞æ..? ‡∞à ‡∞°‡±ç‡∞∞‡±à ‡∞´‡±ç‡∞∞‡±Ç‡∞ü‡±ç‡∞∏‡±ç‚Äå ‡∞§‡∞ø‡∞Ç‡∞ü‡±á ‡∞™‡±Ü‡∞∞‡∞ó‡∞Æ‡∞®‡±ç‡∞®‡∞æ ‡∞™‡±Ü‡∞∞‡∞ó‡∞¶‡±Å..! | Vidhaatha | Latest Telugu News
https://t.co/5vZ0eV3ZOR"
80,"‡∞≠‡∞ó‡±ç‡∞ó‡±Å‡∞Æ‡∞Ç‡∞ü‡±Å‡∞®‡±ç‡∞® ‡∞¨‡∞Ç‡∞ó‡∞æ‡∞∞‡∞Ç ‡∞ß‡∞∞ ‡∞Æ‡∞≥‡±ç‡∞≤‡±Ä ‡∞™‡∞§‡∞®‡∞Ç ‡∞Ö‡∞µ‡±Å‡∞§‡±ã‡∞Ç‡∞¶‡∞ø. ‡∞µ‡∞∞‡±Å‡∞∏‡∞ó‡∞æ ‡∞∞‡±Ü‡∞Ç‡∞°‡±ã ‡∞∞‡±ã‡∞ú‡±Å ‡∞¨‡∞Ç‡∞ó‡∞æ‡∞∞‡∞Ç ‡∞ß‡∞∞ ‡∞≠‡∞æ‡∞∞‡±Ä‡∞ó‡∞æ ‡∞™‡∞°‡∞ø‡∞™‡±ã‡∞Ø‡∞ø‡∞Ç‡∞¶‡∞ø.

#goldpricetoday #goldrates

https://t.co/k8MZTSew7c"
81,"‡∞Æ‡±Ä‡∞∞‡±Å ‡∞¨‡∞ø‡∞≤‡±Ä‡∞®‡∞ø‡∞Ø‡∞∞‡∞æ? ‡∞Ö‡∞®‡±ç‡∞® ‡∞™‡±ç‡∞∞‡∞∂‡±ç‡∞®‡∞ï‡±Å ‡∞∞‡∞ø‡∞∑‡∞ø ‡∞á‡∞ö‡±ç‡∞ö‡∞ø‡∞® ‡∞∏‡∞Æ‡∞æ‡∞ß‡∞æ‡∞®‡∞Ç ‡∞á‡∞¶‡±á
#RishiSunak #uk #TeluguNews 
 https://t.co/nhLoEe4Zrv"
82,"2022-23‡∞≤‡±ã ‡∞é‡∞®‡±ç‡∞®‡∞ø ‡∞™‡±ç‡∞∞‡∞≠‡±Å‡∞§‡±ç‡∞µ ‡∞µ‡±Ü‡∞¨‡±ç ‡∞∏‡±à‡∞ü‡±ç‡∞≤‡±Å ‡∞π‡±ç‡∞Ø‡∞æ‡∞ï‡±ç ‡∞Ö‡∞Ø‡±ç‡∞Ø‡∞æ‡∞Ø‡∞Ç‡∞ü‡±á‚Ä¶!
https://t.co/v2R4j3Bi2c"
83,"‡∞ö‡∞∞‡∞£‡±ç‚Äå, ‡∞∂‡∞Ç‡∞ï‡∞∞‡±ç ‡∞Æ‡±Ç‡∞µ‡±Ä ‡∞≤‡±á‡∞ü‡±Ü‡∞∏‡±ç‡∞ü‡±ç ‡∞Ö‡∞™‡±ç ‡∞°‡±á‡∞ü‡±ç ‡∞è‡∞Ç‡∞ü‡∞ø..? 
#idhatri #Ramcharan #shankar #dilraju #movieupdates 
https://t.co/xAGBxkM45E"
84,"‡∞®‡±ã‡∞ü‡∞ø ‡∞¶‡±Å‡∞∞‡±ç‡∞µ‡∞æ‡∞∏‡∞®‡∞§‡±ã ‡∞á‡∞¨‡±ç‡∞¨‡∞Ç‡∞¶‡∞ø‡∞™‡∞°‡±Å‡∞§‡±Å‡∞®‡±ç‡∞®‡∞æ‡∞∞‡∞æ..? ‡∞à ‡∞ö‡∞ø‡∞ü‡±ç‡∞ï‡∞æ‡∞≤‡∞§‡±ã ‡∞∏‡∞Æ‡∞∏‡±ç‡∞Ø‡∞ï‡±Å ‡∞ö‡±Ü‡∞ï‡±ç‚Äå ‡∞™‡±Ü‡∞ü‡±ç‡∞ü‡∞Ç‡∞°‡∞ø..! | Vidhaatha | Latest Telugu News
https://t.co/GSE1gqasFt"
85,"‡∞∞‡±Ü‡∞Ç‡∞°‡±ã ‡∞¨‡±Ü‡∞≤‡±Ç‡∞®‡±ç ‡∞ó‡±Å‡∞∞‡±ç‡∞§‡∞ø‡∞Ç‡∞ö‡∞ø‡∞® ‡∞™‡±Ü‡∞Ç‡∞ü‡∞ó‡∞æ‡∞®‡±ç
#China #spy #TeluguNews  
https://t.co/Ay07uIIMLR"
86,"‡∞™‡±á‡∞≤‡±Å‡∞≥‡±ç‡∞≤ ‡∞ï‡±á‡∞∏‡±Å‡∞≤‡±ã ‡∞Ö‡∞®‡±Å‡∞Æ‡∞æ‡∞®‡∞Ç‡∞§‡±ã ‡∞Ö‡∞∞‡±Ü‡∞∏‡±ç‡∞ü‡±ç ‡∞ö‡±á‡∞∏‡∞ø‡∞® ‡∞é‡∞®‡±ç‡∞ê‡∞è
#Guwahati #student #TeluguNews 
 https://t.co/mpLXao9RS4"
87,"‡∞™‡∞∏‡∞ø‡∞°‡∞ø ‡∞™‡±ç‡∞∞‡∞ø‡∞Ø‡±Å‡∞≤‡∞ï‡±Å ‡∞∞‡∞ø‡∞≤‡±Ä‡∞´‡±ç ‡∞®‡±ç‡∞Ø‡±Ç‡∞∏‡±ç.. ‡∞Ö‡∞≤‡±ç ‡∞ü‡±à‡∞Ç ‡∞π‡±à ‡∞®‡±Å‡∞Ç‡∞°‡∞ø ‡∞¶‡∞ø‡∞ó‡±ã‡∞ö‡±ç‡∞ö‡∞ø‡∞® ‡∞¨‡∞Ç‡∞ó‡∞æ‡∞∞‡∞Ç ‡∞ß‡∞∞‡∞≤‡±Å.. ‡∞®‡±á‡∞°‡±Å ‡∞é‡∞Ç‡∞§ ‡∞§‡∞ó‡±ç‡∞ó‡∞ø‡∞Ç‡∞¶‡∞Ç‡∞ü‡±á..?
#goldpricetoday #goldrates #goldsilverprices #goldpriceupdate https://t.co/okOQNbpEtE"
88,"‡∞∞‡∞æ‡∞Æ‡±ç ‡∞ö‡∞∞‡∞£‡±ç RC 15 ‡∞Æ‡±Ç‡∞µ‡±Ä ‡∞≤‡±á‡∞ü‡±Ü‡∞∏‡±ç‡∞ü‡±ç ‡∞∑‡±Ü‡∞°‡±ç‡∞Ø‡±Ç‡∞≤‡±ç ‡∞Ö‡∞™‡±ç ‡∞°‡±á‡∞ü‡±ç | https://t.co/r6rW0ZP2tA 
#rc15"
89,"‡∞®‡±á‡∞°‡±Å ‡∞∏‡±ç‡∞•‡∞ø‡∞∞‡∞Ç‡∞ó‡∞æ ‡∞á‡∞Ç‡∞ß‡∞® ‡∞ß‡∞∞‡∞≤‡±Å.. ‡∞≤‡±Ä‡∞ü‡∞∞‡±Å ‡∞™‡±Ü‡∞ü‡±ç‡∞∞‡±ã‡∞≤‡±ç, ‡∞°‡±Ä‡∞ú‡∞ø‡∞≤‡±ç ‡∞§‡∞æ‡∞ú‡∞æ ‡∞ß‡∞∞‡∞≤‡±Å ‡∞é‡∞Ç‡∞§‡±ã ‡∞§‡±Ü‡∞≤‡±Å‡∞∏‡±Å‡∞ï‡±ã‡∞Ç‡∞°‡∞ø..
#petrolprices #fuelrates #crudeoilprices #todayspetrolprices #petroldieselprices
https://t.co/mqCZ8L95ss"
90,"@GAJENDRAREDDY16 @JaiTDP PepsiCo

https://t.co/SeoP7ffMUX

Kellogg's

https://t.co/cC6mHqcLHL

HCL

https://t.co/sFdflvOD7X

‡∞µ‡±à‡∞ú‡∞æ‡∞ó‡±ç ‡∞´‡±ç‡∞≤‡±ã‡∞ü‡∞ø‡∞Ç‡∞ó‡±ç ‡∞∏‡±ã‡∞≤‡∞æ‡∞∞‡±ç ‡∞™‡∞µ‡∞∞‡±ç ‡∞™‡±ç‡∞≤‡∞æ‡∞Ç‡∞ü‡±ç ‡∞Ü‡∞∏‡∞ø‡∞Ø‡∞æ ‡∞≤‡±ã ‡∞®‡±ç ‡∞Ö‡∞§‡∞ø ‡∞™‡±Ü‡∞¶‡±ç‡∞¶‡∞¶‡∞ø

https://t.co/T2AREwBYaw"
91,"‡∞ö‡∞ø‡∞≤‡±Ä‡∞≤‡±ã ‡∞ï‡∞æ‡∞∞‡±ç‡∞ö‡∞ø‡∞ö‡±ç‡∞ö‡±Å 30‡∞µ‡±á‡∞≤ ‡∞é‡∞ï‡∞∞‡∞æ‡∞≤‡±ç‡∞≤‡±ã ‡∞¨‡±Ç‡∞°‡∞ø‡∞¶‡±à‡∞® ‡∞Ö‡∞ü‡∞µ‡±Ä ‡∞™‡±ç‡∞∞‡∞æ‡∞Ç‡∞§‡∞Ç.. 13 ‡∞Æ‡∞Ç‡∞¶‡∞ø ‡∞Æ‡±É‡∞§‡±ç‡∞Ø‡±Å‡∞µ‡∞æ‡∞§.. | Vidhaatha | Latest Telugu News
https://t.co/BOwRrlH5wl"
92,"‡∞™‡±ä‡∞ü‡±ç‡∞ü‡∞™‡±à ‡∞µ‡∞æ‡∞§‡∞≤‡∞§‡±ã ‡∞µ‡∞ø‡∞∑‡∞Æ‡∞ø‡∞Ç‡∞ö‡∞ø‡∞® ‡∞ö‡∞ø‡∞®‡±ç‡∞®‡∞æ‡∞∞‡∞ø ‡∞Ü‡∞∞‡±ã‡∞ó‡±ç‡∞Ø‡∞Ç
#neumonia #MadhyaPradesh #TeluguNews
 https://t.co/phCaEaONkY"
93,"‡∞ï‡±ä‡∞≤‡±Ä‡∞ú‡∞ø‡∞Ø‡∞Ç ‡∞∏‡∞ø‡∞´‡∞æ‡∞∞‡±ç‡∞∏‡±Å‡∞≤‡∞®‡±Å ‡∞Ü‡∞Æ‡±ã‡∞¶‡∞ø‡∞Ç‡∞ö‡∞®‡∞ø ‡∞ï‡±á‡∞Ç‡∞¶‡±ç‡∞∞‡∞Ç
#SupremeCourt #judge #TeluguNews https://t.co/2ftULEZYiE"
94,"‡∞ó‡±á ‡∞ú‡∞Ç‡∞ü ‡∞™‡±Ü‡∞≥‡±ç‡∞≤‡∞ø‡∞ï‡∞ø ‡∞∏‡±Å‡∞™‡±ç‡∞∞‡±Ä‡∞Ç ‡∞Ü‡∞Æ‡±ã‡∞¶‡∞Ç ‡∞≤‡∞≠‡∞ø‡∞∏‡±ç‡∞§‡±Å‡∞Ç‡∞¶‡∞æ?  
#SupremeCourt #marriage #TeluguNews
https://t.co/uBZ1sZpBIa"
95,"‡∞â‡∞¶‡±ç‡∞Ø‡±ã‡∞ó‡±Å‡∞≤‡∞ï‡±Å ‡∞ñ‡∞∞‡±Ä‡∞¶‡±à‡∞® ‡∞ï‡∞æ‡∞∞‡±ç‡∞≤‡±Å ‡∞á‡∞ö‡±ç‡∞ö‡∞ø ‡∞∏‡∞∞‡±ç‚Äå‡∞™‡±ç‡∞∞‡±à‡∞ú‡±ç ‡∞ö‡±á‡∞∏‡∞ø‡∞® ‡∞ê‡∞ü‡±Ä ‡∞∏‡∞Ç‡∞∏‡±ç‡∞•
#layoff #cars #TeluguNews
 https://t.co/DBYI6g6yXl"
96,"‡∞ï‡∞æ‡∞∏‡±ç‡∞§ ‡∞â‡∞™‡∞∂‡∞Æ‡∞®‡∞Ç.. ‡∞≠‡∞æ‡∞∞‡±Ä‡∞ó‡∞æ ‡∞§‡∞ó‡±ç‡∞ó‡∞ø‡∞® ‡∞™‡∞∏‡∞ø‡∞°‡∞ø, ‡∞µ‡±Ü‡∞Ç‡∞°‡∞ø ‡∞ß‡∞∞‡∞≤‡±Å! #goldrate #goldratetoday #GoldRateUpdate #business https://t.co/ImVqkElgaU"
97,"NTR30 ‡∞™‡±à ‡∞Æ‡∞≥‡±ç‡∞≤‡±Ä ‡∞∞‡±Ç‡∞Æ‡∞∞‡±ç‡∞∏‡±ç..!!

#JrNTR #NTR30 #ManOfMasessNTR #KoratalaSiva #News #Chitrambhalare 

https://t.co/HZ1QmOLxfm"
98,"‡∞∞‡∞æ‡∞Æ‡±ç ‡∞ö‡∞∞‡∞£‡±ç RC 15 ‡∞Æ‡±Ç‡∞µ‡±Ä ‡∞≤‡±á‡∞ü‡±Ü‡∞∏‡±ç‡∞ü‡±ç ‡∞∑‡±Ü‡∞°‡±ç‡∞Ø‡±Ç‡∞≤‡±ç ‡∞Ö‡∞™‡±ç ‡∞°‡±á‡∞ü‡±ç

#RamCharan #RC15 #123telugu 

https://t.co/U1fM4HnNhT"
99,"@Hyndavitreddy Latest ‡∞ó‡∞æ ‡∞µ‡∞ö‡±ç‡∞ö‡∞ø‡∞® ‡∞´‡±ã‡∞ü‡±ã...
‡∞¶‡∞ø‡∞∑‡±ç‡∞ü‡∞ø ‡∞™‡±ã‡∞Ø‡∞ø‡∞Ç‡∞¶‡∞ø.. ‡∞Ö‡∞Ç‡∞§‡±á ‡∞§‡∞™‡±ç‡∞™ ‡∞è‡∞Æ‡±Ä ‡∞ï‡∞æ‡∞≤‡±á‡∞¶‡±Å...
‡∞Ö‡∞Ç‡∞§‡∞ó‡∞æ ‡∞¨‡∞ü‡±ç‡∞ü‡∞≤‡±Å ‡∞ö‡∞ø‡∞Ç‡∞™‡±Å‡∞ï‡±ã‡∞µ‡∞¶‡±ç‡∞¶‡±Å ‡∞∏‡∞Ç‡∞§‡±ç‡∞∞‡∞æ‡∞≤‡±ç‡∞≤‡∞æ‡∞∞‡∞æ...üòÑ @BJP4Telangana https://t.co/phY315Z25D"
100,"‡∞∏‡±ç‡∞®‡±á‡∞π‡∞æ ‡∞â‡∞≤‡±ç‡∞≤‡∞æ‡∞≤‡±ç‚Äå.. ‡∞§‡∞ï‡±ç‡∞ï‡±Å‡∞µ‡±á‡∞Ç ‡∞ï‡∞æ‡∞¶‡±Å‡∞ó‡∞æ!
#snehaullal #actress 
https://t.co/6WzhFYdxqS"
101,"‡∞∏‡∞ø‡∞≤‡±ç‡∞ï‡±ç ‡∞∏‡±ç‡∞Æ‡∞ø‡∞§ ‡∞Ö‡∞µ‡∞§‡∞æ‡∞∞‡∞Ç ‡∞é‡∞§‡±ç‡∞§‡∞ø‡∞® ‡∞¶‡∞ø‡∞µ‡∞ø ‡∞µ‡∞æ‡∞¶‡±ç‡∞Ø‡∞æ.. ‡∞é‡∞¶ ‡∞®‡∞æ‡∞≠‡∞ø ‡∞Ö‡∞Ç‡∞¶‡∞æ‡∞≤‡∞§‡±ã ‡∞Ö‡∞Æ‡±ç‡∞Æ ‡∞¨‡∞æ‡∞¨‡±ã‡∞Ø‡±ç ‡∞∞‡∞ö‡±ç‡∞ö..!
#actressphotoshoot #actressmodel #Actress #actressgallery #tollywood #actresslife #tollywoodactress #BiggBoss  #divi #divivadthya 

https://t.co/qHW4P7vI7A"
102,"Latest ‡∞ó‡∞æ ‡∞µ‡∞ö‡±ç‡∞ö‡∞ø‡∞® ‡∞´‡±ã‡∞ü‡±ã...
‡∞¶‡∞ø‡∞∑‡±ç‡∞ü‡∞ø ‡∞™‡±ã‡∞Ø‡∞ø‡∞Ç‡∞¶‡∞ø.. ‡∞Ö‡∞Ç‡∞§‡±á ‡∞§‡∞™‡±ç‡∞™ ‡∞è‡∞Æ‡±Ä ‡∞ï‡∞æ‡∞≤‡±á‡∞¶‡±Å...
‡∞Ö‡∞Ç‡∞§‡∞ó‡∞æ ‡∞¨‡∞ü‡±ç‡∞ü‡∞≤‡±Å ‡∞ö‡∞ø‡∞Ç‡∞™‡±Å‡∞ï‡±ã‡∞µ‡∞¶‡±ç‡∞¶‡±Å ‡∞∏‡∞Ç‡∞§‡±ç‡∞∞‡∞æ‡∞≤‡±ç‡∞≤‡∞æ‡∞∞‡∞æ...üòÑ @BJP4Telangana @bandisanjay_bjp @rakeshreddybjp ü§£ https://t.co/CiZzwsEK98"
103,"‡∞∞‡±à‡∞≥‡±ç‡∞≤‡±Å, ‡∞¨‡∞∏‡±ç‡∞∏‡±Å‡∞≤‡∞≤‡±ã ‡∞á‡∞≤‡∞æ ‡∞™‡±ç‡∞∞‡∞µ‡∞∞‡±ç‡∞§‡∞ø‡∞Ç‡∞ö‡±á ‡∞µ‡∞æ‡∞≥‡±ç‡∞≤‡∞®‡±Å ‡∞è‡∞Ç ‡∞ö‡±á‡∞Ø‡∞æ‡∞≤‡∞ø..?
#WomanPassenger #LocalTrain #Mumbai 
https://t.co/WRg8rGW6PX"
104,"Tarakaratna | ‡∞Æ‡±Ü‡∞∞‡±Å‡∞ó‡±à‡∞® ‡∞ö‡∞ø‡∞ï‡∞ø‡∞§‡±ç‡∞∏ ‡∞ï‡±ã‡∞∏‡∞Ç ‡∞µ‡∞ø‡∞¶‡±á‡∞∂‡∞æ‡∞≤‡∞ï‡±Å ‡∞§‡∞æ‡∞∞‡∞ï‡∞∞‡∞§‡±ç‡∞®.. ‡∞∞‡∞ø‡∞™‡±ã‡∞∞‡±ç‡∞ü‡±Å‡∞≤ ‡∞Ü‡∞ß‡∞æ‡∞∞‡∞Ç‡∞ó‡∞æ ‡∞®‡∞ø‡∞∞‡±ç‡∞£‡∞Ø‡∞Ç ‡∞§‡±Ä‡∞∏‡±Å‡∞ï‡±Å‡∞®‡±á ‡∞Ø‡±ã‡∞ö‡∞®!
https://t.co/Jxh8jAFsAz"
105,"‡∞ü‡∞æ‡∞≤‡±Ä‡∞µ‡±Å‡∞°‡±ç ‡∞á‡∞Ç‡∞°‡∞∏‡±ç‡∞ü‡±ç‡∞∞‡±Ä‡∞≤‡±ã ‡∞é‡∞Ç‡∞§‡±ã ‡∞Æ‡∞Ç‡∞¶‡∞ø ‡∞Ö‡∞Æ‡±ç‡∞Æ‡∞æ‡∞Ø‡∞ø‡∞≤‡±Å ‡∞Ø‡∞æ‡∞Ç‡∞ï‡∞∞‡±ç‡∞≤‡±Å‡∞ó‡∞æ ‡∞∏‡∞Ç‡∞¶‡∞°‡∞ø ‡∞ö‡±á‡∞∏‡±ç‡∞§‡±Å‡∞®‡±ç‡∞®‡∞æ‡∞∞‡±Å..!
#Anchorsravanthi #sravanthichokarapu #actresslife #actresslifestyle #television #FilmiBeatTelugu  
 https://t.co/591oJozdIl"
106,"‡∞ï‡±á‡∞Ç‡∞¶‡±ç‡∞∞ ‡∞¨‡∞°‡±ç‡∞ú‡±Ü‡∞ü‡±ç ‡∞®‡∞ø‡∞∞‡±ç‡∞µ‡∞ö‡∞®‡∞æ‡∞®‡±ç‡∞®‡±á ‡∞®‡∞∞‡±á‡∞Ç‡∞¶‡±ç‡∞∞ ‡∞Æ‡±ã‡∞¶‡±Ä ‡∞é‡∞≤‡∞æ ‡∞Æ‡∞æ‡∞∞‡±ç‡∞ö‡∞æ‡∞∞‡±Å
https://t.co/lQkfUWY97r via NaMo App https://t.co/HkvcnKcFIk"
107,"K Viswanath Funeral: ‡∞á‡∞ï ‡∞∏‡±Ü‡∞≤‡∞µ‡±Å.. ‡∞Æ‡±Å‡∞ó‡∞ø‡∞∏‡∞ø‡∞® ‡∞ï‡±Ü. ‡∞µ‡∞ø‡∞∂‡±ç‡∞µ‡∞®‡∞æ‡∞•‡±ç ‡∞Ö‡∞Ç‡∞§‡±ç‡∞Ø‡∞ï‡±ç‡∞∞‡∞ø‡∞Ø‡∞≤‡±Å

 https://t.co/CEdsR5MmSI 

#directorkvisanath #funeral #Hyderabad #LatestNews #tollywood #Prime9News"
108,"‡∞∏‡±Å‡∞™‡±ç‡∞∞‡±Ä‡∞Ç‡∞ï‡±ã‡∞∞‡±ç‡∞ü‡±Å ‡∞ï‡±ä‡∞≤‡±Ä‡∞ú‡∞ø‡∞Ø‡∞Ç ‡∞™‡±ç‡∞∞‡∞§‡∞ø‡∞™‡∞æ‡∞¶‡∞ø‡∞Ç‡∞ö‡∞ø‡∞® ‡∞ê‡∞¶‡±Å‡∞ó‡±Å‡∞∞‡±Å ‡∞π‡±à‡∞ï‡±ã‡∞∞‡±ç‡∞ü‡±Å ‡∞®‡±ç‡∞Ø‡∞æ‡∞Ø‡∞Æ‡±Ç‡∞∞‡±ç‡∞§‡±Å‡∞≤ ‡∞™‡±á‡∞∞‡±ç‡∞≤‡∞ï‡±Å ‡∞ï‡±á‡∞Ç‡∞¶‡±ç‡∞∞‡∞Ç..!!
#SupremeCourt #SupremeCourtOfIndia #SupremeCourtCollegium #CentralGovt #Oneindiatelugu
https://t.co/A1aYXR8dni"
109,"Samantha: ‡∞é‡∞®‡∞ø‡∞Æ‡∞ø‡∞¶‡∞ø ‡∞®‡±Ü‡∞≤‡∞≤‡±Å ‡∞ï‡±ç‡∞≤‡∞ø‡∞∑‡±ç‡∞ü ‡∞™‡∞∞‡∞ø‡∞∏‡±ç‡∞•‡∞ø‡∞§‡±Å‡∞≤‡±Å ‡∞é‡∞¶‡±Å‡∞∞‡±ç‡∞ï‡±ä‡∞®‡±ç‡∞®‡∞æ: ‡∞∏‡∞Æ‡∞Ç‡∞§
#cinemanews #samantha #tollywood #movies 
https://t.co/0EKqSFDTpi"
110,"‡∞ï‡±á‡∞Ç‡∞¶‡±ç‡∞∞ ‡∞¨‡∞°‡±ç‡∞ú‡±Ü‡∞ü‡±ç ‡∞®‡∞ø‡∞∞‡±ç‡∞µ‡∞ö‡∞®‡∞æ‡∞®‡±ç‡∞®‡±á ‡∞®‡∞∞‡±á‡∞Ç‡∞¶‡±ç‡∞∞ ‡∞Æ‡±ã‡∞¶‡±Ä ‡∞é‡∞≤‡∞æ ‡∞Æ‡∞æ‡∞∞‡±ç‡∞ö‡∞æ‡∞∞‡±Å
https://t.co/ffBSouz5Lh

via NaMo App https://t.co/zAIk5J49KR"
111,"‡∞∏‡±ã‡∞∑‡∞≤‡±ç ‡∞Æ‡±Ä‡∞°‡∞ø‡∞Ø‡∞æ ‡∞¶‡±ç‡∞µ‡∞æ‡∞∞‡∞æ ‡∞´‡±Å‡∞≤‡±ç ‡∞™‡∞æ‡∞™‡±Å‡∞≤‡∞∞‡±ç ‡∞Ö‡∞Ø‡∞ø‡∞®‡∞µ‡∞æ‡∞≥‡±ç‡∞≤‡∞≤‡±ã ‡∞ï‡±ç‡∞Ø‡±Ç‡∞ü‡±ç ‡∞¨‡±ç‡∞Ø‡±Ç‡∞ü‡∞ø ‡∞Ö‡∞∞‡∞ø‡∞Ø‡∞æ‡∞®‡∞æ ‡∞ó‡±ç‡∞≤‡±ã‡∞∞‡∞ø ‡∞í‡∞ï‡∞∞‡±Å..!
#actress #BiggBoss  #Ariana #ariyanaglory #tollywoodactress #BlackDress #viral #FilmiBeatTelugu 

https://t.co/NFKZQ8zNEi"
112,"K Viswanath: ‡∞ï‡∞≥‡∞æ‡∞§‡∞™‡∞∏‡±ç‡∞µ‡∞ø ‡∞™‡∞æ‡∞∞‡±ç‡∞•‡∞ø‡∞µ‡∞¶‡±á‡∞π‡∞æ‡∞®‡∞ø‡∞ï‡∞ø ‡∞™‡±ç‡∞∞‡∞Æ‡±Å‡∞ñ‡±Å‡∞≤ ‡∞®‡∞ø‡∞µ‡∞æ‡∞≥‡±Å‡∞≤‡±Å (‡∞´‡±ã‡∞ü‡±ã‡∞≤‡±Å)

#Adani #AgentTina #Baapofallepisodes #KVishwanath #Kvishwanathtop10movies #Kviswanathawardwinningmovies #Kviswanathbestmovies #Kviswanathmovieslist #Kviswanathnomore

https://t.co/1NJK8SqxKa https://t.co/WipzXE8XtN"
113,"Jabardasth: ‚Äò‡∞Ü‡∞Ç‡∞ü‡±Ä ‡∞®‡∞ø‡∞≤‡∞Ø‡∞Ç‚Äô.. ‡∞ï‡±ä‡∞§‡±ç‡∞§ ‡∞∏‡±ç‡∞ï‡∞ø‡∞ü‡±ç‚Äå‡∞ï‡±Å ‡∞∏‡∞¶‡±ç‡∞¶‡∞æ‡∞Ç ‡∞Ü ‡∞™‡±á‡∞∞‡±Ü‡∞Ç‡∞¶‡±Å‡∞ï‡±Å ‡∞™‡±Ü‡∞ü‡±ç‡∞ü‡∞æ‡∞°‡∞Ç‡∞ü‡±á?
#Jabardasth #comedyshow #videos #TeluguNews 
https://t.co/DuhyFENRVV"
114,"‚Äú‡∞™‡∞†‡∞æ‡∞®‡±ç‚Äù ‡∞µ‡∞∞‡∞≤‡±ç‡∞°‡±ç ‡∞µ‡±à‡∞°‡±ç ‡∞≤‡±á‡∞ü‡±Ü‡∞∏‡±ç‡∞ü‡±ç ‡∞µ‡∞∏‡±Ç‡∞≥‡±ç‡∞≤‡±Å ‡∞é‡∞Ç‡∞§‡∞Ç‡∞ü‡±á.!

https://t.co/GOpbpQDiKv

#Pathaan #ShahRukhKhanìÄ† #DeepikaPadukone #JohnAbraham #123telugu"
115,"‡∞∂‡±É‡∞Ç‡∞ó‡∞æ‡∞∞‡∞Ç ‡∞™‡±à ‡∞∏‡∞Ç‡∞ö‡∞® ‡∞µ‡±ç‡∞Ø‡∞æ‡∞ñ‡±ç‡∞Ø‡∞≤‡±Å ‡∞ö‡±á‡∞∏‡∞ø‡∞® ‡∞∂‡±ç‡∞∞‡±Ä‡∞Æ‡±Å‡∞ñ‡∞ø..!?

‡∞™‡±ç‡∞∞‡∞∏‡±ç‡∞§‡±Å‡∞§‡∞Ç ‡∞µ‡∞∏‡±ç‡∞§‡±Å‡∞®‡±ç‡∞® ‡∞∏‡∞ø‡∞®‡∞ø‡∞Æ‡∞æ‡∞≤‡∞®‡±ç‡∞®‡±Ä ‡∞ï‡±Ç‡∞°‡∞æ ‡∞Ø‡±Å‡∞µ‡∞§‡∞®‡±Å ‡∞™‡∞ï‡±ç‡∞ï‡∞¶‡±ã ‡∞™‡∞ü‡±ç‡∞ü‡∞ø‡∞Ç‡∞ö‡±á ‡∞≤‡∞æ‡∞ó‡∞æ‡∞®‡±á ‡∞â‡∞®‡±ç‡∞®‡∞æ‡∞Ø‡∞ø ‡∞Ö‡∞®‡∞ø ‡∞ö‡∞æ‡∞≤‡∞æ‡∞Æ‡∞Ç‡∞¶‡∞ø ‡∞≠‡∞æ‡∞µ‡∞ø‡∞∏‡±ç‡∞§‡±Ç ‡∞â‡∞®‡±ç‡∞®‡∞æ‡∞∞‡±Å. ‡∞á‡∞Ç‡∞¶‡±Å

#kasthuri #lasya #Rasam #devineniavinash

@LasyaManjunath @DevineniAvi @MukhiSree @iYogiBabu 

https://t.co/R4fbKoKZQu"
116,"‡∞Ü‡∞¶‡∞æ‡∞®‡±Ä ‡∞ó‡±ç‡∞∞‡±Ç‡∞™‡±ç‚Äå‡∞™‡±à ‡∞ï‡±ä‡∞®‡∞∏‡∞æ‡∞ó‡±Å‡∞§‡±Å‡∞®‡±ç‡∞® ‡∞π‡∞ø‡∞Ç‡∞°‡±Ü‡∞®‡±ç‚Äå ‡∞¨‡∞∞‡±ç‡∞ó‡±ç ‡∞∏‡±Ü‡∞ó
#Adani #hindenburg #TeluguNews 
 https://t.co/pGybyFnC4p"
117,"‡∞®‡∞Ç‡∞¶‡∞Æ‡±Ç‡∞∞‡∞ø ‡∞§‡∞æ‡∞∞‡∞ï‡∞∞‡∞§‡±ç‡∞®‡∞ï‡±Å ‡∞¨‡±Ü‡∞Ç‡∞ó‡∞≥‡±Ç‡∞∞‡±Å ‡∞®‡∞æ‡∞∞‡∞æ‡∞Ø‡∞£ ‡∞π‡±É‡∞¶‡∞Ø‡∞æ‡∞≤‡∞Ø‡∞≤‡±ã ‡∞á‡∞Ç‡∞ï‡∞æ ‡∞µ‡±à‡∞¶‡±ç‡∞Ø ‡∞ö‡∞ø‡∞ï‡∞ø‡∞§‡±ç‡∞∏‡∞≤‡±Å ‡∞ï‡±ä‡∞®‡∞∏‡∞æ‡∞ó‡±Å‡∞§‡±Ç‡∞®‡±á ‡∞â‡∞®‡±ç‡∞®‡∞æ‡∞Ø‡∞ø..!!
#Balakrishna #TarakaRatna #TarakaratnaHealthUpdate #Oneindiatelugu
https://t.co/nNe8K96GCX"
118,https://t.co/oTYaMTLrxs ‡∞µ‡±à‡∞∏‡∞ø‡∞™‡∞ø ‡∞∏‡∞∞‡∞ø‡∞ï‡±ä‡∞§‡±ç‡∞§ ‡∞é‡∞§‡±ç‡∞§‡±Å‡∞ó‡∞°... ‡∞µ‡∞ø‡∞™‡∞ï‡±ç‡∞∑‡∞æ‡∞≤‡∞ï‡±Å ‡∞Æ‡±Å‡∞ó‡±ç‡∞ó‡±Å‡∞∞‡±Å ‡∞∏‡±Ä‡∞é‡∞Ç ‡∞Ö‡∞≠‡±ç‡∞Ø‡∞∞‡±ç‡∞ß‡±Å‡∞≤‡∞æ? https://t.co/2Q0aA0r9k2
119,"‡∞™‡±ã‡∞≤‡±Ä‡∞∏‡±ç ‡∞Ü‡∞´‡±Ä‡∞∏‡∞∞‡±ç‚Äå‡∞ó‡∞æ ‡∞é‡∞Ç‡∞é‡∞∏‡±ç ‡∞ß‡±ã‡∞®‡∞ø.. ‡∞≤‡±Å‡∞ï‡±ç ‡∞Ö‡∞¶‡∞ø‡∞∞‡∞ø‡∞™‡±ã‡∞Ø‡∞ø‡∞Ç‡∞¶‡∞ø‡∞ó‡∞æ
https://t.co/KRDIDt41fN
#MSDhoni  #Viral"
120,"‡∞Ö‡∞¨‡±Å‡∞¶‡∞æ‡∞¨‡∞ø ‡∞®‡±Å‡∞Ç‡∞ö‡∞ø ‡∞ï‡±á‡∞∞‡∞≥‡∞ï‡±Å ‡∞µ‡∞ø‡∞Æ‡∞æ‡∞®‡∞Ç ‡∞µ‡∞∏‡±ç‡∞§‡±Å‡∞Ç‡∞°‡∞ó‡∞æ ‡∞ò‡∞ü‡∞® 
#kerala #AirIndia #flight #TeluguNews 
https://t.co/2bmqN1LX1d"
121,"‡∞ó‡±Å‡∞ú‡∞∞‡∞æ‡∞§‡±ç ‡∞Ö‡∞≤‡±ç‡∞≤‡∞∞‡±ç‡∞≤ ‡∞°‡∞æ‡∞ï‡±ç‡∞Ø‡±Å‡∞Æ‡±Ü‡∞Ç‡∞ü‡∞∞‡±Ä ‡∞®‡∞ø‡∞∑‡±á‡∞ß‡∞Ç‡∞™‡±à ‡∞™‡∞ø‡∞ü‡∞ø‡∞∑‡∞®‡±ç‡∞≤ ‡∞µ‡∞ø‡∞ö‡∞æ‡∞∞‡∞£..
#BBCDocumentary #NarendraModi #TeluguNews 
https://t.co/F30SGilsZg"
122,"5 ‡∞≤‡∞ï‡±ç‡∞∑‡∞≤ ‡∞µ‡∞ø‡∞Æ‡∞æ‡∞® ‡∞ü‡∞ø‡∞ï‡±ç‡∞ï‡±Ü‡∞ü‡±ç‚Äå‡∞≤‡±Å ‡∞â‡∞ö‡∞ø‡∞§‡∞Ç‡∞ó‡∞æ.. ‡∞á‡∞Ç‡∞ï‡±Ü‡∞Ç‡∞¶‡±Å‡∞ï‡±Å ‡∞Ü‡∞≤‡∞∏‡±ç‡∞Ø‡∞Ç
#hongkong #flight #TeluguNews https://t.co/ozwmdP1o63"
123,"‡∞á‡∞Ç‡∞¶‡±ç‡∞∞‡∞≠‡∞µ‡∞®‡∞Ç‡∞≤‡∞æ ‡∞§‡±Ü‡∞≤‡∞Ç‡∞ó‡∞æ‡∞£ ‡∞∏‡∞ö‡∞ø‡∞µ‡∞æ‡∞≤‡∞Ø‡∞Ç    ‡∞°‡±à‡∞®‡∞ø‡∞Ç‡∞ó‡±ç ‡∞π‡∞æ‡∞≤‡±ç ‡∞é‡∞≤‡∞æ ‡∞â‡∞Ç‡∞¶‡±ã ‡∞ö‡±Ç‡∞∂‡∞æ‡∞∞‡∞æ
#TELANGANASECRETARIAT
 https://t.co/NAfEHysRmG"
124,"‡∞≠‡∞ó‡±ç‡∞ó‡±Å‡∞Æ‡∞Ç‡∞ü‡±Å‡∞®‡±ç‡∞® ‡∞¨‡∞Ç‡∞ó‡∞æ‡∞∞‡∞Ç ‡∞ß‡∞∞ ‡∞à‡∞∞‡±ã‡∞ú‡±Å ‡∞≠‡∞æ‡∞∞‡±Ä‡∞ó‡∞æ ‡∞§‡∞ó‡±ç‡∞ó‡∞ø‡∞Ç‡∞¶‡∞ø. ‡∞π‡±à‡∞¶‡∞∞‡∞æ‡∞¨‡∞æ‡∞¶‡±ç‚Äå‡∞≤‡±ã ‡∞¨‡∞Ç‡∞ó‡∞æ‡∞∞‡∞Ç, ‡∞µ‡±Ü‡∞Ç‡∞°‡∞ø ‡∞ß‡∞∞‡∞≤‡±Å ‡∞é‡∞≤‡∞æ ‡∞â‡∞®‡±ç‡∞®‡∞æ‡∞Ø‡±ã ‡∞§‡±Ü‡∞≤‡±Å‡∞∏‡±Å‡∞ï‡±ã‡∞Ç‡∞°‡∞ø.

#goldpricetoday #goldratetoday

https://t.co/fOYSGK7L6R"
125,"‡∞™‡±Ü‡∞∑‡∞æ‡∞µ‡∞∞‡±ç ‡∞Ü‡∞§‡±ç‡∞Æ‡∞æ‡∞π‡±Å‡∞§‡∞ø ‡∞¶‡∞æ‡∞°‡∞ø‡∞≤‡±ã ‡∞™‡±Ü‡∞¶‡±ç‡∞¶ ‡∞∏‡∞Ç‡∞ñ‡±ç‡∞Ø‡∞≤‡±ã ‡∞ö‡∞®‡∞ø‡∞™‡±ã‡∞Ø‡∞ø‡∞® ‡∞™‡±ã‡∞≤‡±Ä‡∞∏‡±Å‡∞≤‡±Å
#Pakistan #Peshawar #TeluguNews
 https://t.co/9A2JckOHLQ"
126,"2024 ‡∞≤‡±ã‡∞ï‡±ç‚Äå‡∞∏‡∞≠ ‡∞é‡∞®‡±ç‡∞®‡∞ø‡∞ï‡∞≤‡±ç‡∞≤‡±ã ‡∞Æ‡±ã‡∞°‡±Ä‡∞ï‡∞ø ‡∞™‡±ç‡∞∞‡∞ß‡∞æ‡∞® ‡∞∞‡∞æ‡∞ú‡∞ï‡±Ä‡∞Ø ‡∞™‡±ç‡∞∞‡∞§‡±ç‡∞Ø‡∞∞‡±ç‡∞•‡∞ø ‡∞∞‡∞æ‡∞π‡±Å‡∞≤‡±ç ‡∞ó‡∞æ‡∞Ç‡∞ß‡±Ä ‡∞ï‡∞æ‡∞¶‡±Å.. ‡∞Æ‡∞∞‡∞ø ‡∞é‡∞µ‡∞∞‡±Å? ‡∞§‡∞æ‡∞ú‡∞æ ‡∞∏‡∞∞‡±ç‡∞µ‡±á..
https://t.co/1VaBRTTFqS
#ArvindKejriwal #IndiaTodayCVoterSurvey #LokSabha #Elections #NarendraModi #RahulGandhi #kejriwal"
127,"‡∞Æ‡∞∞‡±ã‡∞∏‡∞æ‡∞∞‡∞ø ‡∞™‡∞æ‡∞≤ ‡∞ß‡∞∞‡∞≤‡±Å ‡∞Æ‡∞≥‡±ç‡∞≤‡±Ä ‡∞™‡±Ü‡∞∞‡∞ø‡∞ó‡∞æ‡∞Ø‡∞ø. ‡∞≤‡±á‡∞ü‡±Ü‡∞∏‡±ç‡∞ü‡±ç ‡∞ß‡∞∞‡∞≤‡±Å ‡∞§‡±Ü‡∞≤‡±Å‡∞∏‡±Å‡∞ï‡±ã‡∞Ç‡∞°‡∞ø.

#Pricehike #milkprices

https://t.co/4TK2oF6Nvp"
128,"‡∞§‡±Ü‡∞≤‡±Å‡∞ó‡±Å ‡∞∏‡∞ø‡∞®‡±Ä ‡∞¶‡∞ø‡∞ó‡±ç‡∞ó‡∞ú‡∞Ç...‡∞ï‡∞≥‡∞æ‡∞§‡∞™‡∞∏‡±ç‡∞µ‡∞ø ‡∞ï‡±Ü. ‡∞µ‡∞ø‡∞∂‡±ç‡∞µ‡∞®‡∞æ‡∞•‡±ç‚Äå ‡∞ï‡∞®‡±ç‡∞®‡±Å‡∞Æ‡±Ç‡∞§ | Latest Telugu ... https://t.co/kJZaQQBOy0 via @YouTube 
#breakingnews #Tollywoodnews #K_Vishwanath #Vishwanathgarupassedaway"
129,"‡∞Ü‡∞®‡±ç ‡∞≤‡±à‡∞®‡±ç ‡∞ü‡±Ä‡∞ö‡∞ø‡∞Ç‡∞ó‡±ç ‡∞ï‡∞ø ‡∞ó‡∞°‡±ç‡∞°‡±Å‡∞ï‡∞æ‡∞≤‡∞Ç.. ‡∞¨‡±à‡∞ú‡±Ç‡∞∏‡±ç ‡∞≤‡±ã ‡∞Æ‡∞≥‡±ç‡∞≤‡±Ä ‡∞≤‡±á‡∞Ü‡∞´‡±ç
@BYJUS #layoffs2023 
https://t.co/ek0ZSJSFzs"
130,"‡∞í‡∞™‡±ç‡∞™‡∞Ç‡∞¶‡∞Ç ‡∞Ö‡∞µ‡∞ó‡∞æ‡∞π‡∞® ‡∞ö‡±á‡∞∏‡±Å‡∞ï‡±Å‡∞®‡±ç‡∞®‡∞ü‡±ç‡∞ü‡±Å ‡∞≤‡±á‡∞¶‡∞®‡∞ø ‡∞ï‡±å‡∞Ç‡∞ü‡∞∞‡±ç
#IndusWatersTreaty #WorldBank #india #TeluguNews https://t.co/B59lTY3LdW"
131,"Pawan Kalyan In Unstoppable 2 : ‡∞Ö‡∞®‡±ç ‡∞∏‡±ç‡∞ü‡∞æ‡∞™‡∞¨‡±Å‡∞≤‡±ç ‡∞∑‡±ã ‡∞≤‡±ã.. ‡∞™‡∞µ‡∞®‡±ç ‡∞ï‡∞≥‡±ç‡∞Ø‡∞æ‡∞£‡±ç ‡∞®‡∞ø ‡∞°‡±à‡∞≤‡∞æ‡∞ó‡±ç‡∞∏‡±ç ‡∞§‡±ã ‡∞Ü‡∞ï‡∞æ‡∞∂‡∞æ‡∞®‡∞ø‡∞ï‡∞ø ‡∞é‡∞§‡±ç‡∞§‡∞ø‡∞® ‡∞¨‡∞æ‡∞≤‡∞Ø‡±ç‡∞Ø..

Read More&gt;&gt; https://t.co/MWzw5EfjGC"
132,"#SakshiChowdary: ‡∞Æ‡∞æ‡∞∞‡±ç‡∞ï‡±Ü‡∞ü‡±ç ‡∞≤‡±ã‡∞ï‡∞ø ‡∞µ‡∞ö‡±ç‡∞ö‡∞ø ‡∞Æ‡∞∞‡±Ä ‡∞í‡∞≥‡±ç‡∞≥‡±Å ‡∞µ‡∞ø‡∞∞‡±Å‡∞ö‡±Å‡∞ï‡±Å‡∞Ç‡∞ü‡±Ç ‡∞Ö‡∞Ç‡∞¶‡∞æ‡∞≤‡±Å ‡∞ö‡±Ç‡∞™‡∞ø‡∞Ç‡∞ö‡∞ø‡∞® ‡∞ü‡∞æ‡∞™‡±ç ‡∞π‡±Ä‡∞∞‡±ã‡∞Ø‡∞ø‡∞®‡±ç , ‡∞Ö‡∞¨‡±ç‡∞¨‡∞æ‡∞Ø‡∞ø‡∞≤‡±Å ‡∞ï‡∞Ç‡∞ü‡±ç‡∞∞‡±ã‡∞≤‡±ç ‡∞ö‡±á‡∞∏‡±ç‡∞ï‡±ã‡∞≤‡±á‡∞∞‡±Å ‡∞§‡∞≤‡±ç‡∞≤‡±ã‡∞Ø‡±ç ! #dailytelugunews https://t.co/AAQUN9CRlU"
133,"‡∞ö‡±Ç‡∞™‡±Å‡∞≤‡∞§‡±ã‡∞®‡±á ‡∞Æ‡∞§‡±ç‡∞§‡±Ü‡∞ï‡±ç‡∞ï‡∞ø‡∞∏‡±ç‡∞§‡±Å‡∞®‡±ç‡∞® ‡∞π‡∞®‡±ç‡∞∏‡∞ø‡∞ï.. ‡∞´‡±ã‡∞ü‡±ã‡∞≤‡±Å ‡∞ö‡±Ç‡∞∏‡±ç‡∞§‡±á ‡∞Æ‡∞§‡∞ø ‡∞™‡±ã‡∞µ‡∞æ‡∞≤‡±ç‡∞∏‡∞ø‡∞Ç‡∞¶‡±á? - Hansika Motwani   #HansikaMotwani #Tollywood #TeluguMovie #TeluguCinema #Telugu #TeluguStop

https://t.co/ljpyVRnNpq"
134,"‡∞≤‡∞ï‡±ç‡∞∑‡±ç‡∞Æ‡±Ä‡∞®‡∞∞‡∞∏‡∞ø‡∞Ç‡∞π‡±Å‡∞°‡∞ø‡∞®‡∞ø ‡∞¶‡∞∞‡±ç‡∞∂‡∞ø‡∞Ç‡∞ö‡±Å‡∞ï‡±Å‡∞®‡±ç‡∞® ‡∞ó‡∞µ‡∞∞‡±ç‡∞®‡∞∞‡±ç ‡∞§‡∞Æ‡∞ø‡∞≥‡∞∏‡±à | Vidhaatha | Latest Telugu News
https://t.co/MB2VTc89pL"
135,"‡∞µ‡∞ø‡∞Æ‡∞∞‡±ç‡∞∂‡∞ï‡±Å‡∞≤‡∞®‡±Å ‡∞ü‡∞æ‡∞∞‡±ç‡∞ó‡±Ü‡∞ü‡±ç ‡∞ö‡±á‡∞∏‡±ç‡∞§‡±ã‡∞®‡±ç‡∞® ‡∞Ø‡±Å‡∞µ‡∞∞‡∞æ‡∞ú‡±Å
#saudiarabia #execution #TeluguNews
 https://t.co/OmDqTY6f4f"
136,"‡∞ó‡±Ç‡∞ó‡±Å‡∞≤‡±ç ‡∞ï‡±ä‡∞§‡±ç‡∞§ ‡∞Ö‡∞™‡±ç‡∞°‡±á‡∞ü‡±ç.. ‡∞á‡∞Ç‡∞ï‡∞æ‡∞ó‡±ç‡∞®‡∞ø‡∞ü‡±ã ‡∞ï‡±ã‡∞∏‡∞Ç..
#Google #TechnologyNews #TeluguNews #googlelayoffs 

@bigtv_live 
https://t.co/RRK1Oliun2"
137,"‡∞ê‡∞ü‡±Ä ‡∞Æ‡∞ø‡∞®‡∞ø‡∞∏‡±ç‡∞ü‡∞∞‡±ç ‡∞ï‡±á‡∞ü‡±Ä‡∞Ü‡∞∞‡±ç‚Äå‡∞ï‡±Å ‡∞¨‡∞ø‡∞ó‡±ç ‡∞∑‡∞æ‡∞ï‡±ç 
‡∞ü‡±ç‡∞µ‡∞ø‡∞ü‡±ç‡∞ü‡∞∞‡±ç ‡∞ñ‡∞æ‡∞§‡∞æ‡∞≤‡±ã ‡∞®‡±Å‡∞Ç‡∞ö‡∞ø ‡∞Ü ‡∞∏‡∞ø‡∞Ç‡∞¨‡∞≤‡±ç ‡∞§‡±ä‡∞≤‡∞ó‡∞ø‡∞Ç‡∞™‡±Å
#KTR #Twitter #TeluguNews 
https://t.co/5QoWvkiUXh"
138,"‡∞µ‡∞∞‡∞Ç‡∞ó‡∞≤‡±ç‡∞≤‡±ã ‡∞≠‡∞æ‡∞∞‡±Ä ‡∞Ö‡∞ó‡±ç‡∞®‡∞ø ‡∞™‡±ç‡∞∞‡∞Æ‡∞æ‡∞¶‡∞Ç.. ‡∞™‡∞ï‡±ç‡∞ï ‡∞∑‡∞æ‡∞™‡±Å‡∞≤‡∞ï‡±Å ‡∞Ö‡∞Ç‡∞ü‡±Å‡∞ï‡±Å‡∞®‡±ç‡∞® ‡∞Æ‡∞Ç‡∞ü‡∞≤‡±Å | Vidhaatha | Latest Telugu News
https://t.co/BLcKwdSspL"
139,"‡∞™‡±Å‡∞∞‡∞ø‡∞ü‡∞ø‡∞®‡±ä‡∞™‡±ç‡∞™‡±Å‡∞≤‚Äå‡∞§‡±ã ‡∞Ü‡∞∏‡±ç‡∞™‚Äå‡∞§‡±ç‡∞∞‡∞ø‡∞ï‡∞ø ‡∞µ‡±Ü‡∞≥‡±ç‡∞§‡±Å‡∞Ç‡∞°‚Äå‡∞ó‡∞æ.. ‡∞ï‡∞æ‡∞∞‡±Å‡∞≤‡±ã ‡∞Æ‡∞Ç‡∞ü‚Äå‡∞≤‡±Å ‡∞ö‡±Ü‡∞≤‚Äå‡∞∞‡±á‡∞ó‡∞ø ‡∞ó‚Äå‡∞∞‡±ç‡∞≠‡∞ø‡∞£‡∞ø ‡∞∏‚Äå‡∞ú‡±Ä‡∞µ‚Äå‡∞¶‚Äå‡∞π‚Äå‡∞®‡∞Ç | Vidhaatha | Latest Telugu News
https://t.co/deiU0eucaR"
140,"12 ‡∞™‡±Ü‡∞≥‡±ç‡∞≤‡∞ø‡∞≥‡±ç‡∞≤‡±Å ‡∞ö‡±á‡∞∏‡±Å‡∞ï‡±Å‡∞®‡∞ø ‡∞ï‡±å‡∞∞‡∞µ‡±Å‡∞≤ ‡∞Æ‡∞æ‡∞¶‡∞ø‡∞∞‡∞ø‡∞ó‡∞æ ‡∞™‡∞ø‡∞≤‡±ç‡∞≤‡∞≤‡±Å.. 578 ‡∞Æ‡∞Ç‡∞¶‡∞ø ‡∞Æ‡∞®‡∞µ‡∞≥‡±ç‡∞≤‡±Å
#marriage #Uganda #TeluguNews https://t.co/eh5aQnvj7d"
141,"‡∞Ö‡∞£‡±ç‡∞µ‡∞æ‡∞Ø‡±Å‡∞ß ‡∞∏‡∞Æ‡∞æ‡∞ö‡∞æ‡∞∞‡∞Ç ‡∞ï‡±ã‡∞∏‡∞Ç ‡∞ó‡±Ç‡∞¢‡∞ö‡∞æ‡∞∞‡∞ø ‡∞¨‡±Ü‡∞≤‡±Ç‡∞®‡±ç ‡∞™‡∞Ç‡∞™‡∞ø‡∞® ‡∞ö‡±à‡∞®‡∞æ
#China #usa #spy #TeluguNews  https://t.co/NTfzmZJYrd"
142,"Director K viswanath : ‚Äú‡∞∂‡∞Ç‡∞ï‡∞∞‡∞æ‡∞≠‡∞∞‡∞£‡∞Ç‚Äù@43 ‡∞á‡∞Ø‡∞∞‡±ç‡∞∏‡±ç.. ‡∞∏‡∞∞‡∞ø‡∞ó‡±ç‡∞ó‡∞æ ‡∞∞‡∞ø‡∞≤‡±Ä‡∞ú‡±ç ‡∞®‡∞æ‡∞°‡±á ‡∞§‡±Å‡∞¶‡∞ø‡∞∂‡±ç‡∞µ‡∞æ‡∞∏ ‡∞µ‡∞ø‡∞°‡∞ø‡∞ö‡∞ø‡∞® ‡∞ï‡±Ü. ‡∞µ‡∞ø‡∞∂‡±ç‡∞µ‡∞®‡∞æ‡∞•‡±ç

Read More&gt;&gt; https://t.co/vbgaWklgf8"
143,"‡∞§‡±ä‡∞≤‡∞ø‡∞∏‡∞æ‡∞∞‡∞ø ‡∞ï‡±á‡∞ú‡±ç‡∞∞‡±Ä‡∞µ‡∞æ‡∞≤‡±ç ‡∞™‡±ç‡∞∞‡∞∏‡±ç‡∞§‡∞æ‡∞µ‡∞®.. ‡∞é‡∞Æ‡±ç‡∞Æ‡±Ü‡∞≤‡±ç‡∞∏‡±Ä ‡∞ï‡∞µ‡∞ø‡∞§, ‡∞é‡∞Ç‡∞™‡±Ä ‡∞Æ‡∞æ‡∞ó‡±Å‡∞Ç‡∞ü‡∞≤‡∞ï‡±Å ‡∞∏‡∞Ç‡∞¨‡∞Ç‡∞ß‡∞æ‡∞≤‡∞™‡±à ‡∞ï‡±Ä‡∞≤‡∞ï ‡∞µ‡±ç‡∞Ø‡∞æ‡∞ñ‡±ç‡∞Ø‡∞≤‡±Å
#DelhiLiquorPolicy #ArvindKejriwal #TeluguNews https://t.co/XdUD6G8xEc"
144,"‡∞™‡±Ü‡∞∞‡±ç‡∞´‡±ç‡∞Ø‡±Ç‡∞Æ‡±ç ‡∞¨‡∞æ‡∞ü‡∞ø‡∞≤‡±ç ‡∞Æ‡∞æ‡∞¶‡∞ø‡∞∞‡∞ø‡∞ó‡∞æ ‡∞¨‡∞æ‡∞Ç‡∞¨‡±Å‡∞≤‡±Å
#Kashmir #Blast #TeluguNews 
https://t.co/4Y8eU9gFOW"
145,"‡∞≠‡∞æ‡∞∞‡±Ä‡∞ó‡∞æ ‡∞™‡±Ü‡∞∞‡∞ø‡∞ó‡∞ø‡∞® ‡∞™‡∞∏‡∞ø‡∞°‡∞ø, ‡∞µ‡±Ü‡∞Ç‡∞°‡∞ø ‡∞ß‡∞∞‡∞≤‡±Å.. #business #Gold #GoldRate #goldratetoday #goldrateupdate #silverprice #silverrate https://t.co/HV64dG7nh4"
146,‡∞ö‡∞ø‡∞∞‡∞Ç‡∞ú‡±Ä‡∞µ‡∞ø ‡∞∏‡∞ø‡∞®‡∞ø‡∞Æ‡∞æ‡∞≤‡±ã ‡∞Æ‡±Å‡∞ñ‡±ç‡∞Ø‚Äå‡∞Æ‡∞Ç‡∞§‡±ç‡∞∞‡∞ø‡∞ó‡∞æ ‡∞®‚Äå‡∞ü‡∞ø‡∞Ç‡∞ö‡∞ø‡∞® ‡∞ï‡±Ü. ‡∞µ‡∞ø‡∞∂‡±ç‡∞µ‚Äå‡∞®‡∞æ‡∞•‡±ç‚Äå https://t.co/vuU5suSm90 via @Vidhaatha | Latest News #kvishwanath #OmShanti #SidharthKiaraWedding #PrideOfIndianCinema #RipLegend #kvishwanath #vishwanath #Kalatapaswi #RIPVishwanathGaru #Shankarabharanam #RIPKVishwanath
147,‡∞∂‡±Å‡∞≠ ‡∞∏‡∞Ç‡∞ï‚Äå‡∞≤‡±ç‡∞™‡∞Ç ‡∞∏‡∞ø‡∞®‡∞ø‡∞Æ‡∞æ‡∞§‡±ã ‡∞®‚Äå‡∞ü‡±Å‡∞°‡∞ø‡∞ó‡∞æ ‡∞Æ‡∞æ‡∞∞‡∞ø‡∞® ‡∞ï‡±Ü. ‡∞µ‡∞ø‡∞∂‡±ç‡∞µ‚Äå‡∞®‡∞æ‡∞•‡±ç https://t.co/4dkQc2hsW3 via @Vidhaatha | Latest Telugu News #kvishwanath #OmShanti #SidharthKiaraWedding #PrideOfIndianCinema #RipLegend #kvishwanath #vishwanath #Kalatapaswi #RIPVishwanathGaru #Shankarabharanam #RIPKVishwanath
148,"‡∞∂‡∞Ç‡∞ï‚Äå‡∞∞‡∞æ‡∞≠‚Äå‡∞∞‚Äå‡∞£‡∞Ç ‡∞ö‡∞ø‡∞§‡±ç‡∞∞‡∞Ç‡∞§‡±ã ‡∞µ‡∞ø‡∞∂‡±ç‡∞µ‚Äå‡∞®‡∞æ‡∞•‡±ç ‡∞ï‚Äå‡∞≥‡∞æ‡∞§‚Äå‡∞™‡∞∏‡±ç‡∞µ‡∞ø‡∞ó‡∞æ ‡∞™‡±á‡∞∞‡±ä‡∞Ç‡∞¶‡∞æ‡∞∞‡±Å.. https://t.co/fG5pl04lbq via @Vidhaatha | Latest News #ButtaBomma #Samantha #Shehzada #Michael #UnstoppableWithNBKS2 #PawanannaPrajaBata @JanaSenaParty #HariHaraVeeraMallu #PawanKalyan #JanaSena @PawanKalyan, @TrendPSPK"
149,‡∞∂‡∞Ç‡∞ï‚Äå‡∞∞‡∞æ‡∞≠‚Äå‡∞∞‚Äå‡∞£‡∞Ç ‡∞ö‡∞ø‡∞§‡±ç‡∞∞‡∞Ç‡∞§‡±ã ‡∞ï‚Äå‡∞≥‡∞æ‡∞§‚Äå‡∞™‡∞∏‡±ç‡∞µ‡∞ø‡∞ó‡∞æ ‡∞µ‡∞ø‡∞∂‡±ç‡∞µ‚Äå‡∞®‡∞æ‡∞•‡±ç https://t.co/fG5pl04lbq via @Vidhaatha | Latest News #SSMB28 #PawanKalyanOnAHA #Thalapathy67Poojai #NTR30 #KiaraAdvani #ProjectK  #PoojaHegde #Suriya42 #Thalapaathy67 #Thalapathy67Cast  #ThalapathyVijay #ManiSharma #WaltairVeeraya
150,‡∞∂‡∞Ç‡∞ï‚Äå‡∞∞‡∞æ‡∞≠‚Äå‡∞∞‚Äå‡∞£‡∞Ç ‡∞ö‡∞ø‡∞§‡±ç‡∞∞‡∞Ç‡∞§‡±ã ‡∞ï‚Äå‡∞≥‡∞æ‡∞§‚Äå‡∞™‡∞∏‡±ç‡∞µ‡∞ø‡∞ó‡∞æ ‡∞µ‡∞ø‡∞∂‡±ç‡∞µ‚Äå‡∞®‡∞æ‡∞•‡±ç https://t.co/fG5pl04lbq via @Vidhaatha | Latest News #KamalHaasan #SagaraSangamam #RIPKViswanath #KVishwanath #forever #kamalhassan @ikamalhaasan #Chiranjeevi #NandamuriBalakrishna #SrideviChiranjeevi #MythriMovieMakers @KChiruTweets
151,‡∞∂‡∞Ç‡∞ï‚Äå‡∞∞‡∞æ‡∞≠‚Äå‡∞∞‚Äå‡∞£‡∞Ç ‡∞ö‡∞ø‡∞§‡±ç‡∞∞‡∞Ç‡∞§‡±ã ‡∞µ‡∞ø‡∞∂‡±ç‡∞µ‚Äå‡∞®‡∞æ‡∞•‡±ç ‡∞ï‚Äå‡∞≥‡∞æ‡∞§‚Äå‡∞™‡∞∏‡±ç‡∞µ‡∞ø‡∞ó‡∞æ ‡∞™‡±á‡∞∞‡±ä‡∞Ç‡∞¶‡∞æ‡∞∞‡±Å.. https://t.co/fG5pl04lbq via @Vidhaatha | Latest News #kvishwanath #OmShanti #SidharthKiaraWedding #PrideOfIndianCinema #RipLegend #kvishwanath #vishwanath #Kalatapaswi #RIPVishwanathGaru #Shankarabharanam #RIPKVishwanath
152,‡∞ï‡±á ‡∞µ‡∞ø‡∞∂‡±ç‡∞µ‚Äå‡∞®‡∞æ‡∞•‡±ç ‡∞§‡±ä‡∞≤‡∞ø ‡∞∏‡∞ø‡∞®‡∞ø‡∞Æ‡∞æ‡∞ï‡±Å ‡∞®‡∞Ç‡∞¶‡∞ø.. ‡∞è ‡∞∏‡∞ø‡∞®‡∞ø‡∞Æ‡∞æ ‡∞Ö‡∞Ç‡∞ü‡±á? https://t.co/7rEQoiFcwR via @Vidhaatha | Latest News #SSMB28 #PawanKalyanOnAHA #Thalapathy67Poojai #NTR30 #KiaraAdvani #ProjectK  #PoojaHegde #Suriya42 #Thalapaathy67 #Thalapathy67Cast  #ThalapathyVijay #ManiSharma #WaltairVeeraya
153,‡∞ï‡±á ‡∞µ‡∞ø‡∞∂‡±ç‡∞µ‚Äå‡∞®‡∞æ‡∞•‡±ç ‡∞§‡±ä‡∞≤‡∞ø ‡∞∏‡∞ø‡∞®‡∞ø‡∞Æ‡∞æ‡∞ï‡±Å ‡∞®‡∞Ç‡∞¶‡∞ø.. ‡∞è ‡∞∏‡∞ø‡∞®‡∞ø‡∞Æ‡∞æ ‡∞Ö‡∞Ç‡∞ü‡±á..? https://t.co/7rEQoiFcwR via @Vidhaatha | Latest Telugu News #kvishwanath #OmShanti #SidharthKiaraWedding #PrideOfIndianCinema #RipLegend #kvishwanath #vishwanath #Kalatapaswi #RIPVishwanathGaru #Shankarabharanam #RIPKVishwanath
154,‡∞ï‚Äå‡∞≥‡∞æ‡∞§‚Äå‡∞™‚Äå‡∞∏‡±ç‡∞µ‡∞ø ‡∞ï‡±Ü. ‡∞µ‡∞ø‡∞∂‡±ç‡∞µ‚Äå‡∞®‡∞æ‡∞•‡±ç ‡∞ï‚Äå‡∞®‡±ç‡∞®‡±Å‡∞Æ‡±Ç‡∞§‚Äå https://t.co/iPXMTfnX9f via @Vidhaatha | Latest Telugu News #WaltairVeerayyaOnJan13th #SrideviChiranjeevi #MythriMovieMakers #WalterVeerayya #VeerayyaTitleSong @KChiruTweets #ButtaBomma #Samantha #Shehzada #Michael #NandamuriBalakrishna
155,‡∞ï‚Äå‡∞≥‡∞æ‡∞§‚Äå‡∞™‚Äå‡∞∏‡±ç‡∞µ‡∞ø ‡∞ï‡±Ü. ‡∞µ‡∞ø‡∞∂‡±ç‡∞µ‚Äå‡∞®‡∞æ‡∞•‡±ç ‡∞ï‚Äå‡∞®‡±ç‡∞®‡±Å‡∞Æ‡±Ç‡∞§‚Äå https://t.co/iPXMTfnX9f via @Vidhaatha | Latest Telugu News #SSMB28 #PawanKalyanOnAHA #Thalapathy67Poojai #NTR30 #KiaraAdvani #ProjectK  #PoojaHegde #Suriya42  #Thalapaathy67 #Thalapathy67Cast  #ThalapathyVijay #ManiSharma #WaltairVeeraya
156,‡∞ï‚Äå‡∞≥‡∞æ‡∞§‚Äå‡∞™‚Äå‡∞∏‡±ç‡∞µ‡∞ø ‡∞ï‡±Ü. ‡∞µ‡∞ø‡∞∂‡±ç‡∞µ‚Äå‡∞®‡∞æ‡∞•‡±ç ‡∞ï‚Äå‡∞®‡±ç‡∞®‡±Å‡∞Æ‡±Ç‡∞§‚Äå https://t.co/iPXMTfnX9f via @Vidhaatha | Latest News #PawanannaPrajaBata @JanaSenaParty #HariHaraVeeraMallu #PawanKalyan @PawanKalyan @TrendPSPK @JanasenaFor4AP  #forever #KVishwanath #KamalHaasan #kamalhassan #RIPKViswanath #Chiranjeevi
157,"Unstoppable 2: ‡∞™‡∞µ‡∞®‡±ç ‡∞ï‡∞≥‡±ç‡∞Ø‡∞æ‡∞£‡±ç ‡∞Æ‡∞æ‡∞∏‡±ç ‡∞é‡∞Ç‡∞ü‡±ç‡∞∞‡±Ä.. ‡∞Ö‡∞¶‡∞ø‡∞∞‡∞ø‡∞™‡±ã‡∞Ø‡∞ø‡∞® ‡∞Ö‡∞®‡±ç ‡∞∏‡±ç‡∞ü‡∞æ‡∞™‡∞¨‡±Å‡∞≤‡±ç 2

https://t.co/QeVskQeuTV 

#ahaott #Balakrishna #latestepisodeofunstoppable2 #latesttollywoodnews #PawanKalyan #Prime9News"
158,"‡∞Ö‡∞®‡±ç‡∞®‡∞æ.. ‡∞®‡±Å‡∞µ‡±ç‡∞µ‡±Å ‡∞ï‡±Ç‡∞°‡∞æ ‡∞á‡∞Ç‡∞§ ‡∞Ö‡∞®‡±ç‡∞Ø‡∞æ‡∞Ø‡∞Ç ‡∞ö‡±á‡∞∏‡±ç‡∞§‡∞æ‡∞µ‡∞®‡±Å‡∞ï‡±ã‡∞≤‡±á‡∞¶‡±Å..?

#NTR #Tollywood #NTVENT

https://t.co/VUxBpdT4PM"
159,"‡∞ü‡±Ä‡∞Æ‡∞ø‡∞Ç‡∞°‡∞ø‡∞Ø‡∞æ ‡∞Æ‡∞æ‡∞ú‡±Ä ‡∞ï‡±Ü‡∞™‡±ç‡∞ü‡±Ü‡∞®‡±ç ‡∞Æ‡∞π‡±á‡∞Ç‡∞¶‡±ç‡∞∞ ‡∞∏‡∞ø‡∞Ç‡∞ó‡±ç ‡∞ß‡±ã‡∞®‡±Ä ‡∞™‡±ã‡∞≤‡±Ä‡∞∏‡±ç ‡∞Ü‡∞´‡±Ä‡∞∏‡∞∞‡±ç‚Äå‡∞ó‡∞æ ‡∞Æ‡∞æ‡∞∞‡∞æ‡∞°‡±Å..!!
#MSDhoni #Dhoni #Mykheltelugu
https://t.co/FX8AWYz72n"
160,"‡∞∏‡±Å‡∞∞‡±á‡∞ñ‡∞æ ‡∞µ‡∞æ‡∞£‡∞ø ‡∞á‡∞Ç‡∞ü‡±ç‡∞≤‡±ã ‡∞∏‡±Ä‡∞®‡∞ø‡∞Ø‡∞∞‡±ç ‡∞®‡∞ü‡±Ä‡∞Æ‡∞£‡±Å‡∞≤ ‡∞ó‡±Ü‡∞ü‡±ç‚Äå ‡∞ü‡±Å ‡∞ó‡±Ü‡∞¶‡∞∞‡±ç‚Äå.. ‡∞∞‡∞ï‡±ç‡∞ï‡∞Æ‡±ç‡∞Æ ‡∞™‡∞æ‡∞ü‡∞ï‡±Å ‡∞°‡±ç‡∞Ø‡∞æ‡∞®‡±ç‡∞∏‡±ç‚Äå‡∞≤‡±á‡∞∏‡±ç‡∞§‡±Ç ‡∞∏‡∞Ç‡∞¶‡∞°‡∞ø.. ‡∞µ‡±Ä‡∞°‡∞ø‡∞Ø‡±ã ‡∞µ‡±à‡∞∞‡∞≤‡±ç‚Äå

#SurekhaVani #EntertainmentNews 

https://t.co/t4WY1S4xbz"
161,"‡∞•‡∞≤‡∞™‡∞•‡∞ø67 ‡∞§‡±Ü‡∞≤‡±Å‡∞ó‡±Å ‡∞∂‡∞æ‡∞ü‡∞ø‡∞≤‡±à‡∞ü‡±ç ‡∞∞‡±à‡∞ü‡±ç‡∞∏‡±ç ‡∞®‡±Å ‡∞∏‡±ä‡∞Ç‡∞§‡∞Ç ‡∞ö‡±á‡∞∏‡±Å‡∞ï‡±Å‡∞®‡±ç‡∞® ‡∞™‡±ç‡∞∞‡∞Æ‡±Å‡∞ñ ‡∞ü‡±Ä‡∞µ‡±Ä ‡∞õ‡∞æ‡∞®‡∞≤‡±ç!

#Thalapathy67 #Vijay #LokeshKanagaraj #Trisha #LCU
#123telugu

https://t.co/9m9LC85ZFo"
162,"‡∞Ö‡∞¨‡±ç‡∞¨ ‡∞∏‡±ä‡∞Æ‡±ç‡∞Æ‡±Å ‡∞Ö‡∞≤‡±ç‡∞≤‡±Å‡∞°‡±Å ‡∞¶‡∞æ‡∞∞‡∞™‡±ä‡∞Ø‡±ç‡∞Ø‡∞ü‡∞Ç ‡∞Ö‡∞Ç‡∞ü‡±á ‡∞á‡∞¶‡±á‡∞ï‡∞æ‡∞¨‡±ä‡∞≤‡±Å 
https://t.co/zfx0K5byZU"
163,"‡∞∞‡±à‡∞≤‡±ç‡∞≤‡±ã ‡∞™‡±ç‡∞∞‡∞Ø‡∞æ‡∞£‡∞ø‡∞∏‡±ç‡∞§‡±Å‡∞Ç‡∞°‡∞ó‡∞æ ‡∞Æ‡∞π‡∞ø‡∞≥‡∞ï‡±Å ‡∞™‡±Å‡∞∞‡∞ø‡∞ü‡∞ø‡∞®‡±ä‡∞™‡±ç‡∞™‡±Å‡∞≤‡±Å.. ‡∞°‡±Ü‡∞≤‡∞ø‡∞µ‡∞∞‡±Ä ‡∞ö‡±á‡∞∏‡∞ø ‡∞™‡∞Ç‡∞°‡∞Ç‡∞ü‡∞ø ‡∞¨‡∞ø‡∞°‡±ç‡∞°‡∞ï‡±Å ‡∞ú‡∞®‡±ç‡∞Æ‡∞®‡∞ø‡∞ö‡±ç‡∞ö‡±á‡∞Ç‡∞¶‡±Å‡∞ï‡±Å ‡∞§‡±ã‡∞°‡±ç‡∞™‡∞°‡∞ø‡∞® ‡∞∞‡±à‡∞≤‡±ç‡∞µ‡±á ‡∞∏‡±ç‡∞ü‡∞æ‡∞´‡±ç
#IndianRailway #PregnantWoman #Assam 
https://t.co/9F14jQtnvl"
164,"Dhee 15: ‡∞∂‡±ç‡∞∞‡∞¶‡±ç‡∞ß‡∞æ ‡∞¶‡∞æ‡∞∏‡±ç‚Äå‡∞ï‡±Å ‡∞Ö‡∞§‡∞°‡∞ø‡∞™‡±à ‡∞ï‡±ç‡∞∞‡∞∑‡±ç‚Äå..!
#Dhee15 #Dhee15LatestPromo #ShraddhaDas #SekharMaster #HyperAadi #TeluguNews #Eenadu
https://t.co/tiWRD7saxt"
165,"‡∞Æ‡∞æ‡∞ü‡∞≤‡∞ï‡±Å ‡∞Ö‡∞Ç‡∞¶‡∞®‡∞ø ‡∞µ‡∞ø‡∞∑‡∞æ‡∞¶‡∞Ç ‡∞á‡∞¶‡∞ø.. ‡∞™‡∞Ç‡∞°‡∞Ç‡∞ü‡∞ø ‡∞¨‡∞ø‡∞°‡±ç‡∞°‡∞§‡±ã ‡∞§‡∞ø‡∞∞‡∞ø‡∞ó‡±ä‡∞∏‡±ç‡∞§‡∞æ‡∞Æ‡∞®‡∞ø ‡∞≠‡∞æ‡∞µ‡∞ø‡∞Ç‡∞ö‡∞ø‡∞® ‡∞Ü ‡∞ï‡±Å‡∞ü‡±Å‡∞Ç‡∞¨ ‡∞∏‡∞≠‡±ç‡∞Ø‡±Å‡∞≤‡±Å.. ‡∞§‡∞Æ ‡∞ï‡∞≥‡±ç‡∞≤ ‡∞Æ‡±Å‡∞Ç‡∞¶‡±á ‡∞Ü‡∞§‡±ç‡∞Æ‡±Ä‡∞Ø‡±Å‡∞≤‡∞®‡±Å ‡∞á‡∞≤‡∞æ ‡∞ö‡±Ç‡∞°‡∞æ‡∞≤‡±ç‡∞∏‡∞ø ‡∞∞‡∞æ‡∞µ‡∞°‡∞Ç‡∞§‡±ã ‡∞∞‡±ã‡∞¶‡∞ø‡∞Ç‡∞ö‡∞ø‡∞® ‡∞§‡±Ä‡∞∞‡±Å ‡∞Ö‡∞Ç‡∞¶‡∞∞‡±ç‡∞®‡±Ä ‡∞ï‡∞Ç‡∞ü‡∞§‡∞°‡∞ø ‡∞™‡±Ü‡∞ü‡±ç‡∞ü‡∞ø‡∞Ç‡∞ö‡∞ø‡∞Ç‡∞¶‡∞ø..
#KeralaCarAccident #KannurCarAccident #KannurCarFire
https://t.co/7QIalswhXl"
166,"‡∞™‡±ç‡∞∞‡±á‡∞Æ‡∞ø‡∞ï‡±Å‡∞≤ ‡∞∞‡±ã‡∞ú‡±Å ‡∞ï‡∞æ‡∞®‡±Å‡∞ï‡∞ó‡∞æ ‡∞ä‡∞π‡∞ø‡∞Ç‡∞ö‡∞®‡∞ø ‡∞®‡∞ø‡∞∞‡±ç‡∞£‡∞Ø‡∞Ç.. ‡∞¶‡∞æ‡∞®‡∞ø ‡∞µ‡±Ü‡∞®‡±Å‡∞ï ‡∞ï‡∞¶‡∞ø‡∞≤‡∞ø‡∞Ç‡∞ö‡±á ‡∞ï‡∞æ‡∞∞‡∞£‡∞Ç 
#ValentinsDay #Thailand 
https://t.co/6ti4zg6mTH"
167,"‡∞ì‡∞∞‡∞ø ‡∞¨‡∞æ‡∞¨‡±ã ‡∞Ü‡∞™‡∞Ç‡∞°‡±ç‡∞∞‡∞æ .. ‡∞á‡∞ï‡±ç‡∞ï‡∞° ‡∞í‡∞ï‡±ç‡∞ï‡∞ü‡±á ‡∞Ö‡∞µ‡±ç‡∞µ‡∞≤‡±á‡∞¶‡±Å ‡∞Ö‡∞™‡±ç‡∞™‡±Å‡∞°‡±á ‡∞∞‡±Ü‡∞Ç‡∞°‡±ã‡∞¶‡∞æ..?

#ProjectK #prabhas #Tollywood #NTVENT

https://t.co/2pYdDtOr4J"
168,"‡∞¨‡∞æ‡∞ó‡∞æ ‡∞¨‡∞ï‡±ç‡∞ï‡∞ø‡∞ö‡∞ø‡∞ï‡±ç‡∞ï‡∞ø‡∞™‡±ã‡∞Ø‡∞ø‡∞® ‡∞ï‡±Ü‡∞™‡±ç‡∞ü‡±Ü‡∞®‡±ç‚Äå ‡∞µ‡∞ø‡∞ú‡∞Ø‡±ç‚Äå‡∞ï‡∞æ‡∞Ç‡∞§‡±ç‚Äå.. ‡∞§‡±Ä‡∞µ‡±ç‡∞∞ ‡∞Ö‡∞®‡∞æ‡∞∞‡±ã‡∞ó‡±ç‡∞Ø‡∞Ç‡∞§‡±ã ‡∞µ‡±Ä‡∞≤‡±ç‚Äå‡∞ö‡±à‡∞∞‡±ç‚Äå‡∞ï‡±á ‡∞™‡∞∞‡∞ø‡∞Æ‡∞ø‡∞§‡∞Ç.. ‡∞§‡∞≤‡±ç‡∞≤‡∞°‡∞ø‡∞≤‡±ç‡∞≤‡±Å‡∞§‡±ã‡∞®‡±ç‡∞® ‡∞´‡±ç‡∞Ø‡∞æ‡∞®‡±ç‡∞∏‡±ç‚Äå

#Vijayakanth #Kollywood 

https://t.co/HO4Iw80ZW8"
169,"‡∞Æ‡±Ä‡∞∞‡∞æ ‡∞ú‡∞æ‡∞∏‡±ç‡∞Æ‡∞ø‡∞®‡±ç ‡∞∞‡±Ä ‡∞é‡∞Ç‡∞ü‡±ç‡∞∞‡±Ä.. ‡∞´‡±ä‡∞ü‡±ã ‡∞µ‡±à‡∞∞‚Äå‡∞≤‡±ç‚Äå 

#MeeraJasmine  #Tollywoodnews #TeluguNews #Bigtnews

https://t.co/5ru5ShXPL8"
170,‡∞∞‡∞Ç‡∞ó‡∞Æ‡∞æ‡∞∞‡±ç‡∞§‡∞æ‡∞Ç‡∞° ‡∞ó‡±ç‡∞≤‡∞ø‡∞Æ‡±ç‡∞∏‡±ç ‡∞µ‡∞ø‡∞°‡±Å‡∞¶‡∞≤.. ‡∞¨‡±ç‡∞∞‡∞π‡±ç‡∞Æ‡∞æ‡∞®‡∞Ç‡∞¶‡∞Ç ‡∞Ö‡∞¶‡∞∞‡∞ó‡±ä‡∞ü‡±ç‡∞ü‡∞æ‡∞°‡±Å‡∞ó‡∞æ! https://t.co/thXXww8vhd via @Vidhaatha | Latest Telugu News #Brahmanandam #Chiranjeevi #rangamarthanda #NaatuNaatu #TelanganaCongress #TeluguNews #teluguaudio #TeluguCinema #krishnavamshi @theBrahmanandam #PawanKalyanOnAHA
171,"‡∞∞‡∞æ‡∞ú‡∞ï‡±ã‡∞ü‡∞≤‡±ã ‡∞∞‡∞æ‡∞ú‡∞®‡∞Ç‡∞¶‡∞ø‡∞®‡∞ø.. ‡∞â‡∞Ç‡∞ó‡±Å‡∞∞‡∞æ‡∞≤ ‡∞Æ‡±Å‡∞Ç‡∞ó‡±Å‡∞∞‡±Å‡∞≤‡∞§‡±ã ‡∞ó‡∞æ‡∞≤‡∞ø‡∞®‡∞ø ‡∞∏‡±à‡∞§‡∞Ç ‡∞â‡∞ï‡±ç‡∞ï‡∞ø‡∞∞‡∞ø‡∞¨‡∞ø‡∞ï‡±ç‡∞ï‡∞ø‡∞∞‡∞ø ‡∞ö‡±á‡∞∏‡±á‡∞∏‡±ç‡∞§‡±ã‡∞Ç‡∞¶‡∞ø.. ‡∞ó‡±Å‡∞∞‡±ç‡∞§‡±Å‡∞™‡∞ü‡±ç‡∞ü‡∞Ç‡∞°‡∞ø..

#Tollywood #EntertainmentNews 

https://t.co/nzPETfRcm3"
172,"‡∞∞‡∞ø‡∞∑‡∞ø ‡∞∏‡±Å‡∞®‡∞æ‡∞ï‡±ç‚Äå‡∞ï‡±Å ‡∞∑‡∞æ‡∞ï‡±ç.. ‡∞ú‡±Ä‡∞§‡∞æ‡∞≤ ‡∞ï‡±ã‡∞∏‡∞Ç ‡∞∞‡±ã‡∞°‡±ç‡∞°‡±Ü‡∞ï‡±ç‡∞ï‡∞ø‡∞® ‡∞â‡∞¶‡±ç‡∞Ø‡±ã‡∞ó‡±Å‡∞≤‡±Å

#RishiSunak #British #London #Bigtvnews 

 https://t.co/etahdp5cQF"
173,Pragya Jaiswal: ‡∞¨‡∞ø‡∞ï‡∞ø‡∞®‡±Ä‡∞≤‡±ã ‡∞™‡±ç‡∞∞‡∞ó‡±ç‡∞Ø‡∞æ ‡∞ú‡±à‡∞∏‡±ç‡∞µ‡∞æ‡∞≤‡±ç ‡∞Ö‡∞Ç‡∞¶‡∞æ‡∞≤ ‡∞ï‡∞®‡±Å‡∞µ‡∞ø‡∞Ç‡∞¶‡±Å https://t.co/ME9Fy4kD8n
174,"Nandamuri Balakrishna : ‡∞∞‡±Ä‡∞≤‡±ç ‡∞≤‡±à‡∞´‡±ç ‡∞≤‡±ã‡∞®‡±á ‡∞ï‡∞æ‡∞¶‡±Å ‡∞∞‡∞ø‡∞Ø‡∞≤‡±ç ‡∞≤‡±à‡∞´‡±ç ‡∞≤‡±ã ‡∞ï‡±Ç‡∞°‡∞æ.. ‡∞Ö‡∞Ø‡∞ø‡∞® ‡∞µ‡∞æ‡∞∞‡∞ø‡∞ï‡∞ø ‡∞Ü‡∞™‡∞¶ ‡∞µ‡∞∏‡±ç‡∞§‡±á ‡∞Ü‡∞ó‡∞®‡∞ø ‡∞¨‡∞æ‡∞≤‡∞ï‡±É‡∞∑‡±ç‡∞£.. ‡∞§‡∞æ‡∞∞‡∞ï‡∞∞‡∞§‡±ç‡∞® ‡∞ï‡±ã‡∞∏‡∞Ç ‡∞Ö‡∞®‡±ç‡∞®‡±Ä ‡∞§‡∞æ‡∞®‡±à 

https://t.co/sYft2CRPww 

#ActorBalakrishna #NandamuriBalakrishna #NandamuriFamily #nandamuritarakaratna  #Prime9News"
175,"‡∞™‡±ç‡∞∞‡∞æ‡∞ú‡±Ü‡∞ï‡±ç‡∞ü‡±ç ‡∞ï‡±á ‡∞®‡±Å‡∞Ç‡∞ö‡∞ø ‡∞¨‡∞ø‡∞ó‡±ç ‡∞Ö‡∞™‡±ç‚Äå‡∞°‡±á‡∞ü‡±ç‚Äå.. ‡∞Æ‡∞∞‡±ã‡∞∏‡∞æ‡∞∞‡∞ø ‡∞Ö‡∞¶‡±á ‡∞¨‡∞æ‡∞ü‡∞≤‡±ã ‡∞™‡±ç‡∞∞‡∞≠‡∞æ‡∞∏‡±ç‚Äå.

#ProjectK #Prabhas #EntertainmentNews 

https://t.co/EMUONpBoFp"
176,"‡∞∏‡±Å‡∞™‡±ç‡∞∞‡±Ä‡∞Ç‡∞≤‡±ã ‡∞¨‡±Ü‡∞Ø‡∞ø‡∞≤‡±ç ‡∞≤‡∞≠‡∞ø‡∞Ç‡∞ö‡∞ø‡∞®‡∞æ ‡∞µ‡∞ø‡∞°‡±Å‡∞¶‡∞≤ ‡∞ö‡±á‡∞Ø‡∞®‡∞ø ‡∞Ø‡±Ç‡∞™‡±Ä ‡∞™‡±ã‡∞≤‡±Ä‡∞∏‡±Å‡∞≤‡±Å
##Hathras #kerala #TeluguNews 
 https://t.co/b5kLRSVaGg"
177,"#RashmikaMandannahot : ‡∞à ‡∞µ‡±Ä‡∞°‡∞ø‡∞Ø‡±ã ‡∞ö‡±Ç‡∞∏‡±ç‡∞§‡±á ‡∞µ‡∞ø‡∞ú‡∞Ø‡±ç ‡∞¶‡±á‡∞µ‡∞∞‡∞ï‡±ä‡∞Ç‡∞°.. ‡∞∞‡∞∑‡±ç‡∞Æ‡∞ø‡∞ï‡∞®‡±Å ‡∞ö‡∞Ç‡∞™‡±á‡∞∏‡±ç‡∞§‡∞æ‡∞°‡±Å.. ‡∞∏‡∞ø‡∞¶‡±ç‡∞ß‡∞æ‡∞∞‡±ç‡∞•‡±ç ‡∞§‡±ã ‡∞Ö‡∞≤‡∞æ ‡∞ö‡±á‡∞∏‡∞ø‡∞Ç‡∞¶‡±á‡∞Ç‡∞ü‡∞ø?
#Thetelugunews

https://t.co/YfUteTSNHZ"
178,"Bandla Ganesh Tweets: ‡∞¨‡±ç‡∞∞‡∞§‡∞ø‡∞ï‡±Å‡∞®‡±ç‡∞®‡∞™‡±ç‡∞™‡±Å‡∞°‡±Å ‡∞ó‡±á‡∞ü‡±Å ‡∞¶‡∞ó‡±ç‡∞ó‡∞∞‡∞ï‡±Å ‡∞µ‡∞∏‡±ç‡∞§‡±á ‡∞Ö‡∞™‡∞æ‡∞Ø‡∞ø‡∞Ç‡∞ü‡±ç ‡∞Æ‡±Ü‡∞Ç‡∞ü‡±ç ‡∞ï‡±Å‡∞°‡∞æ ‡∞á‡∞µ‡±ç‡∞µ‡∞Ç..‡∞¨‡∞Ç‡∞°‡±ç‡∞≤ ‡∞ó‡∞£‡±á‡∞∑‡±ç ‡∞ü‡±ç‡∞µ‡±Ä‡∞ü‡±ç‡∞≤ ‡∞µ‡∞∞‡±ç‡∞∑‡∞Ç!
https://t.co/kKeGPp8Ehb
#Movieupdates #BandlaGanesh #pawankalyan"
179,"#UPSCCompensatoryAttempt2023  ‡∞®‡±Å‡∞Ç‡∞ö‡∞ø ‡∞≠‡∞æ‡∞∞‡±Ä ‡∞®‡±ã‡∞ü‡∞ø‡∞´‡∞ø‡∞ï‡±á‡∞∑‡∞®‡±ç.. ‡∞è‡∞°‡±á‡∞≥‡±ç‡∞≤‡∞≤‡±ã ‡∞Ö‡∞§‡±ç‡∞Ø‡∞ß‡∞ø‡∞ï ‡∞™‡±ã‡∞∏‡±ç‡∞ü‡±Å‡∞≤‡±Å.. ‡∞Ö‡∞™‡±ç‡∞≤‡±à ‡∞ö‡±á‡∞Ø‡∞Ç‡∞°‡∞ø‡∞≤‡∞æ..
#UPSCExtraAttempt 
 https://t.co/mZvFKvYvn3"
180,"#UPSCCompensatoryAttempt2023  ‡∞®‡±Å‡∞Ç‡∞ö‡∞ø ‡∞≠‡∞æ‡∞∞‡±Ä ‡∞®‡±ã‡∞ü‡∞ø‡∞´‡∞ø‡∞ï‡±á‡∞∑‡∞®‡±ç.. ‡∞è‡∞°‡±á‡∞≥‡±ç‡∞≤‡∞≤‡±ã ‡∞Ö‡∞§‡±ç‡∞Ø‡∞ß‡∞ø‡∞ï ‡∞™‡±ã‡∞∏‡±ç‡∞ü‡±Å‡∞≤‡±Å.. ‡∞Ö‡∞™‡±ç‡∞≤‡±à ‡∞ö‡±á‡∞Ø‡∞Ç‡∞°‡∞ø‡∞≤‡∞æ.. 
#UPSCExtraAttempt 
https://t.co/TwDQXEWAR5"
181,"‡∞à ‡∞°‡±ç‡∞∞‡±Ü‡∞∏‡±ç ‡∞®‡∞ø ‡∞è‡∞Æ‡∞Ç‡∞ü‡∞æ‡∞∞‡±Å ‡∞Æ‡∞®‡±ã‡∞π‡∞∞‡∞ø!
#NoraFatehi #Photos #MoviesNews

https://t.co/Fosjn6bNtm"
182,"‡∞Æ‡∞π‡±á‡∞∑‡±ç ‡∞¨‡∞æ‡∞¨‡±Å ‡∞é‡∞∏‡±ç‡∞é‡∞∏‡±ç‡∞é‡∞Ç‡∞¨‡±Ä28 ‡∞®‡±Å‡∞Ç‡∞ö‡∞ø ‡∞≤‡±á‡∞ü‡±Ü‡∞∏‡±ç‡∞ü‡±ç ‡∞´‡±ä‡∞ü‡±ã ‡∞µ‡±à‡∞∞‡∞≤‡±ç..!

Click Here: https://t.co/j2nDyHPSSz

#MaheshBabu #Trivikram #SSMB28 #tollywood #tupaki @tupakinews_ https://t.co/zeiihuZtM4"
183,"Viral Video | ‡∞ê‡∞∏‡±ç‚Äå‡∞ï‡±ç‡∞∞‡±Ä‡∞Ç ‡∞¶‡±ã‡∞∂.. ‡∞∑‡∞æ‡∞ï‡∞µ‡±Å‡∞§‡±Å‡∞®‡±ç‡∞® ‡∞®‡±Ü‡∞ü‡∞ø‡∞ú‡∞®‡±ç‡∞≤‡±Å..!
https://t.co/4aCChNbonU"
184,"‡∞ï‡∞æ‡∞≤‡±Å ‡∞ï‡∞¶‡∞™‡∞≤‡±á‡∞®‡∞ø ‡∞∏‡±ç‡∞•‡∞ø‡∞§‡∞ø‡∞≤‡±ã ‡∞í‡∞ï‡∞™‡±ç‡∞™‡∞ü‡∞ø ‡∞Ø‡∞æ‡∞ï‡±ç‡∞∑‡∞®‡±ç ‡∞π‡±Ä‡∞∞‡±ã... ‡∞Æ‡∞∞‡∞ø‡∞Ç‡∞§ ‡∞¶‡∞Ø‡∞®‡±Ä‡∞Ø‡∞Ç‡∞ó‡∞æ ‡∞µ‡∞ø‡∞ú‡∞Ø‡∞ï‡∞æ‡∞Ç‡∞§‡±ç ‡∞™‡∞∞‡∞ø‡∞∏‡±ç‡∞•‡∞ø‡∞§‡∞ø 

https://t.co/yxfsrkIYio

#vijayakanth"
185,"‡∞ö‡∞®‡∞ø‡∞™‡±ã‡∞Ø‡∞ø‡∞Ç‡∞¶‡∞®‡∞ø ‡∞µ‡±à‡∞¶‡±ç‡∞Ø‡±Å‡∞°‡±Å ‡∞®‡∞ø‡∞∞‡±ç‡∞¶‡∞æ‡∞∞‡∞ø‡∞Ç‡∞ö‡∞ø‡∞® ‡∞¨‡∞æ‡∞Æ‡±ç‡∞Æ ‡∞§‡±Ü‡∞≤‡±ç‡∞≤‡∞æ‡∞∞‡±á‡∞∏‡∞∞‡∞ø‡∞ï‡∞ø ‡∞≤‡±á‡∞ö‡∞ø‡∞Ç‡∞¶‡∞ø
#uttarakhand #grandmother #TeluguNews 
 https://t.co/LSI2kAiEz3"
186,"‡∞µ‡±á‡∞∏‡∞µ‡∞ø‡∞≤‡±ã ‡∞Æ‡∞≥‡±ç‡∞≤‡±Ä ‡∞Ö‡∞Æ‡±Ü‡∞∞‡∞ø‡∞ï‡∞æ‡∞ï‡±Å.. ‡∞ó‡∞§‡∞æ‡∞®‡∞ø‡∞ï‡∞ø ‡∞≠‡∞ø‡∞®‡±ç‡∞®‡∞Æ‡±à‡∞® ‡∞Æ‡±ã‡∞¶‡±Ä ‡∞™‡∞∞‡±ç‡∞Ø‡∞ü‡∞®
#NarendraModi #JoeBiden #TeluguNews
 https://t.co/vmxZMEBnYs"
187,"‡∞™‡∞æ‡∞§‡∞ó‡±Å‡∞ü‡±ç‡∞ü‡∞≤‡±ã ‡∞®‡∞æ‡∞∞‡∞∏‡∞ø‡∞Ç‡∞π‡±Å‡∞°‡∞ø‡∞ï‡∞ø ‡∞∏‡∞ø‡∞Ç‡∞π‡∞µ‡∞æ‡∞π‡∞® ‡∞∏‡±á‡∞µ.. ‡∞é‡∞¶‡±Å‡∞∞‡±ç‡∞ï‡±ã‡∞≤‡±Å | Vidhaatha | Latest Telugu News
https://t.co/bLUtslHddP"
188,"‡∞¨‡∞Ç‡∞ó‡∞æ‡∞∞‡∞Ç, ‡∞µ‡±Ü‡∞Ç‡∞°‡∞ø ‡∞ß‡∞∞‡∞≤‡±Å ‡∞∞‡∞ø‡∞ï‡∞æ‡∞∞‡±ç‡∞°‡±Å‡∞≤‡∞®‡±Å ‡∞¨‡∞¶‡±ç‡∞¶‡∞≤‡±Å ‡∞ï‡±ä‡∞°‡±Å‡∞§‡±Å‡∞®‡±ç‡∞®‡∞æ‡∞Ø‡∞ø..!
#gold #goldpriceupdate #goldpricetoday #goldprices #goodreturnstelugu 

https://t.co/wZOtS4Hmt1"
189,"Director Sagar : ‡∞§‡±Ü‡∞≤‡±Å‡∞ó‡±Å ‡∞ö‡∞ø‡∞§‡±ç‡∞∞ ‡∞™‡∞∞‡∞ø‡∞∂‡±ç‡∞∞‡∞Æ‡∞≤‡±ã ‡∞Æ‡∞∞‡±ã ‡∞µ‡∞ø‡∞∑‡∞æ‡∞¶‡∞Ç.. ‡∞™‡±ç‡∞∞‡∞Æ‡±Å‡∞ñ ‡∞°‡±à‡∞∞‡±Ü‡∞ï‡±ç‡∞ü‡∞∞‡±ç ‡∞∏‡∞æ‡∞ó‡∞∞‡±ç ‡∞Æ‡±É‡∞§‡∞ø

#directorsagar #directorsagardeath #latesttollywoodnews #tollywood

Read More&gt;&gt; https://t.co/MVZ6dykTTx"
190,"Pathaan: ‡∞™‡∞†‡∞æ‡∞®‡±ç ‡∞∏‡∞ï‡±ç‡∞∏‡±Ü‡∞∏‡±ç ‡∞∏‡±Ü‡∞≤‡∞¨‡±ç‡∞∞‡±á‡∞∑‡∞®‡±ç‡∞∏‡±ç..

#Budget2023 #Deepikapadukone #IncomeTax #MaheshBabu #MaheshTrivikram #NoTax #NTR30 #Pataan #Pathaan #PathaanMovieCOllections #PathaanSuccesscelebrations #PathaanBoxoffice #PawanKalyan #Pawankalyanonaha #ProjectK

https://t.co/PKNAFqHLDQ https://t.co/bcYli3DkLr"
191,"‡∞∂‡±Å‡∞®‡∞ï‡∞Ç ‡∞®‡±ã‡∞ü‡∞ø ‡∞µ‡±Ü‡∞Ç‡∞ü ‡∞∞‡∞æ‡∞Æ‡∞æ.. ‡∞∞‡∞æ‡∞Æ‡∞æ..
#dogs #shriram #up #TeluguNews
 https://t.co/9oQs88Kr7p"
192,"‡∞é‡∞≤‡∞ø‡∞ú‡∞¨‡±Ü‡∞§‡±ç ‡∞∞‡∞æ‡∞£‡∞ø ‡∞´‡±ã‡∞ü‡±ã  ‡∞ï‡∞®‡±Å‡∞Æ‡∞∞‡±Å‡∞ó‡±Å
#australia #queenelizabeth #currency #TeluguNews https://t.co/czZo5wgwAQ"
193,"‡∞Ö‡∞∏‚Äå‡∞≠‡±ç‡∞Ø‡∞Ç‡∞ó‡∞æ ‡∞¶‡±Ç‡∞∑‡∞ø‡∞∏‡±ç‡∞§‡±Å‡∞®‡±ç‡∞®‡∞æ‡∞°‚Äå‡∞®‡∞ø.. ‡∞Ø‚Äå‡∞ú‚Äå‡∞Æ‡∞æ‡∞®‡∞ø‡∞®‡∞ø ‡∞ö‡∞Ç‡∞™‡∞ø‡∞® ‡∞∏‡±Ü‡∞ï‡±ç‡∞Ø‡±Ç‡∞∞‡∞ø‡∞ü‡±Ä ‡∞ó‡∞æ‡∞∞‡±ç‡∞°‡±Å.. | Vidhaatha | Latest Telugu News
https://t.co/ItK86z29df"
194,"Daily Horoscope : ‡∞®‡±á‡∞°‡±Å ‡∞à ‡∞∞‡∞æ‡∞∂‡±Å‡∞≤ ‡∞µ‡∞æ‡∞∞‡∞ø‡∞ï‡∞ø ‡∞Ü‡∞∏‡±ç‡∞§‡∞ø ‡∞∏‡∞Æ‡∞∏‡±ç‡∞Ø ‡∞™‡∞∞‡∞ø‡∞∑‡±ç‡∞ï‡∞æ‡∞∞‡∞Ç ‡∞ï‡∞æ‡∞®‡±Å‡∞Ç‡∞¶‡∞ø..

Read More&gt;&gt; https://t.co/7xriYPCtEg"
195,"‡∞ñ‡±Å‡∞≤‡∞æ ‡∞¶‡±ç‡∞µ‡∞æ‡∞∞‡∞æ ‡∞µ‡∞ø‡∞°‡∞æ‡∞ï‡±Å‡∞≤ ‡∞ï‡±á‡∞∏‡±Å‡∞™‡±à ‡∞ï‡±Ä‡∞≤‡∞ï ‡∞§‡±Ä‡∞∞‡±ç‡∞™‡±Å
#MadrasHighCourt #divorce #TeluguNews https://t.co/xN41ZesNiw"
196,"‡∞Ö‡∞Æ‡∞ø‡∞ó‡±ã‡∞∏‡±ç ‡∞∏‡∞ø‡∞®‡∞ø‡∞Æ‡∞æ ‡∞ü‡±ç‡∞∞‡±à‡∞≤‡∞∞‡±ç ‡∞∞‡∞ø‡∞≤‡±Ä‡∞ú‡±ç ‡∞°‡±á‡∞ü‡±ç ‡∞´‡∞ø‡∞ï‡±ç‡∞∏‡±ç.. ‡∞é‡∞™‡±ç‡∞™‡±Å‡∞°‡±ã ‡∞§‡±Ü‡∞≤‡±Å‡∞∏‡∞æ? - Kalyan Ram   #Amigos #KalyanRam #MythriMakers #RajendraReddy #Tollywood #trailer #Telugu #TeluguStop

https://t.co/SxkVUPFHxU"
197,"‡∞π‡±à‡∞¶‡∞∞‡∞æ‡∞¨‡∞æ‡∞¶‡±ç‚Äå‡∞≤‡±ã ‡∞Æ‡∞∞‡±ã ‡∞≠‡∞æ‡∞∞‡±Ä ‡∞Ö‡∞ó‡±ç‡∞®‡∞ø‡∞™‡±ç‡∞∞‡∞Æ‡∞æ‡∞¶‡∞Ç.. ‡∞°‡±Ü‡∞ï‡∞∞‡±á‡∞∑‡∞®‡±ç‚Äå ‡∞∏‡∞æ‡∞Æ‡∞ó‡±ç‡∞∞‡∞ø ‡∞ó‡±ã‡∞¶‡∞æ‡∞Ç‡∞≤‡±ã ‡∞ö‡±Ü‡∞≤‡∞∞‡±á‡∞ó‡∞ø‡∞® ‡∞Æ‡∞Ç‡∞ü‡∞≤‡±Å.. | Vidhaatha | Latest Telugu News
https://t.co/RRfIM8WppF"
198,"‡∞µ‡∞æ‡∞π‡∞®‡∞¶‡∞æ‡∞∞‡±Å‡∞≤‡∞ï‡±Å ‡∞Ö‡∞≤‡±Ü‡∞∞‡±ç‡∞ü‡±ç‚Äå.. ‡∞π‡±à‡∞¶‡∞∞‡∞æ‡∞¨‡∞æ‡∞¶‡±ç‚Äå‡∞≤‡±ã ‡∞ü‡±ç‡∞∞‡∞æ‡∞´‡∞ø‡∞ï‡±ç‚Äå ‡∞Ü‡∞Ç‡∞ï‡±ç‡∞∑‡∞≤‡±Å..! | Vidhaatha | Latest Telugu News
https://t.co/mK4C8QL9qp"
199,"*ü©∏.IMMS App ‡∞à‡∞∞‡±ã‡∞ú‡±Å (‡∞´‡∞ø‡∞¨‡±ç‡∞∞‡∞µ‡∞∞‡∞ø 01, 2023 ‡∞®) 1.5.3 ‡∞µ‡±Ü‡∞∞‡±ç‡∞∑‡∞®‡±ç ‡∞ï‡∞ø ‡∞™‡±ç‡∞≤‡±á ‡∞∏‡±ç‡∞ü‡±ã‡∞∞‡±ç ‡∞≤‡±ã ‡∞Ö‡∞™‡±ç‡∞°‡±á‡∞ü‡±ç ‡∞Ö‡∞Ø‡±ç‡∞Ø‡∞ø‡∞Ç‡∞¶‡∞ø.* 
https://t.co/7U9PlaJAiG
*‚ñ∫ ‡∞Ö‡∞®‡±ç‡∞®‡∞ø ‡∞™‡∞æ‡∞†‡∞∂‡∞æ‡∞≤‡∞≤ ‡∞µ‡∞æ‡∞∞‡±Å ‡∞ï‡±ä‡∞§‡±ç‡∞§ ‡∞µ‡±Ü‡∞∞‡±ç‡∞∑‡∞®‡±ç ‡∞®‡∞ø Install ‡∞ö‡±á‡∞Ø‡∞æ‡∞≤‡±ç‡∞∏‡∞ø ‡∞â‡∞Ç‡∞ü‡±Å‡∞Ç‡∞¶‡∞ø.*

*ü©∏ Download IMMS App Latest version 1.5.3 at*
https://t.co/7U9PlaJAiG"
200,"‡∞™‡±ç‡∞∞‡±á‡∞Æ ‡∞ï‡∞æ‡∞¶‡±Å ‡∞∏‡±ç‡∞®‡±á‡∞π‡∞Æ‡∞®‡±ç‡∞® ‡∞Ø‡±Å‡∞µ‡∞§‡∞ø.. ‡∞°‡∞ø‡∞™‡±ç‡∞∞‡±Ü‡∞∑‡∞®‡±ç‚Äå‡∞≤‡±ã‡∞ï‡∞ø ‡∞Ø‡±Å‡∞µ‡∞ï‡±Å‡∞°‡±Å
#singapore #love #TeluguNews https://t.co/dX8qArj0yN"
201,ALERT: ‡∞§‡±Ä‡∞∞‡∞Ç ‡∞¶‡∞æ‡∞ü‡∞ø‡∞® ‡∞µ‡∞æ‡∞Ø‡±Å‡∞ó‡±Å‡∞Ç‡∞°‡∞Ç.. ‡∞à ‡∞ú‡∞ø‡∞≤‡±ç‡∞≤‡∞æ‡∞≤‡∞ï‡±Å ‡∞µ‡∞∞‡±ç‡∞∑ ‡∞∏‡±Ç‡∞ö‡∞®..!! #news #dailyhunt https://t.co/y971uZCY2B
202,"‡∞Ö‡∞Ç‡∞§ ‡∞Æ‡∞Ç‡∞¶‡∞ø ‡∞Ö‡∞Æ‡±ç‡∞Æ‡∞æ‡∞Ø‡∞ø‡∞≤‡±ç‡∞®‡∞ø ‡∞ö‡±Ç‡∞∏‡∞ø ‡∞ï‡∞Ç‡∞ó‡∞æ‡∞∞‡±Å‡∞™‡∞°‡∞ø‡∞™‡±ã‡∞Ø‡∞æ‡∞°‡∞æ?
#Bihar #students #exam #TeluguNews
 https://t.co/2BF3tCXHsp"
203,"https://t.co/Jh8ktKh8W6
Gold Rate Today: ‡∞ï‡±ä‡∞Ç‡∞ö‡±Ü‡∞Ç ‡∞¨‡±ç‡∞∞‡±á‡∞ï‡±ç ‡∞á‡∞ö‡±ç‡∞ö‡∞ø ‡∞Æ‡∞≥‡±ç‡∞≤‡±Ä ‡∞¨‡∞æ‡∞¶‡±á‡∞∏‡∞ø‡∞® ‡∞¨‡∞Ç‡∞ó‡∞æ‡∞∞‡∞Ç.. ‡∞ß‡∞∞ ‡∞≠‡∞æ‡∞∞‡±Ä‡∞ó‡∞æ ‡∞ú‡∞Ç‡∞™‡±ç.. ‡∞µ‡±Ü‡∞Ç‡∞°‡∞ø ‡∞ï‡±Ç‡∞°‡∞æ..
#GoldPrice #SilverPrice #GoldRate #GoldRateToday"
204,Telugu Memes : ‡∞®‡∞µ‡±ç‡∞µ‡∞ø‡∞Ç‡∞ö‡±á ‡∞Æ‡±Ä‡∞Æ‡±ç‡∞∏‡±ç .. ‡∞ü‡∞æ‡∞≤‡±Ä‡∞µ‡±Å‡∞°‡±ç ‡∞ó‡∞æ‡∞∏‡∞ø‡∞™‡±ç‡∞∏‡±ç https://t.co/n7iDMZIO19
205,"‡∞ó‡±ã‡∞µ‡∞æ‡∞ï‡±Å ‡∞µ‡±Ü‡∞≥‡±ç‡∞§‡±Å‡∞®‡±ç‡∞®‡∞æ‡∞∞‡∞æ..? ‡∞∞‡±Ç‡∞≤‡±ç‡∞∏‡±ç‚Äå‡∞≤‡±ã ‡∞Æ‡∞æ‡∞∞‡∞æ‡∞Ø‡∞ø.. ‡∞á‡∞≤‡∞æ ‡∞ö‡±á‡∞∏‡±ç‡∞§‡±á ‡∞ú‡±á‡∞¨‡±Å‡∞≤‡∞ï‡±Å ‡∞ö‡∞ø‡∞≤‡±ç‡∞≤‡±Å‡∞≤‡±á..! | Vidhaatha | Latest Telugu News
https://t.co/cuQQt2Ei0u"
206,"Chiranjeevi Wishes: ‡∞¨‡±ç‡∞∞‡∞π‡±ç‡∞Æ‡∞®‡∞Ç‡∞¶‡∞Ç ‡∞¨‡∞∞‡±ç‡∞§‡±ç ‡∞°‡±á.. ‡∞ò‡∞®‡∞Ç‡∞ó‡∞æ ‡∞∏‡±Ü‡∞≤‡∞¨‡±ç‡∞∞‡±á‡∞ü‡±ç ‡∞ö‡±á‡∞∏‡∞ø‡∞® ‡∞ö‡∞ø‡∞∞‡∞Ç‡∞ú‡±Ä‡∞µ‡∞ø

 https://t.co/rDwui5RHuE 

#BirthDayCelebrations #Brahmanandam #Chiranjeevi #LatestNews #tollywood #Prime9News"
207,"‡∞ß‡∞®‡±Å‡∞∑‡±ç ""‡∞∏‡∞æ‡∞∞‡±ç"" ‡∞ö‡∞ø‡∞§‡±ç‡∞∞‡∞Ç ‡∞®‡±Å‡∞Ç‡∞°‡∞ø ‡∞≤‡±á‡∞ü‡±Ü‡∞∏‡±ç‡∞ü‡±ç ‡∞Ö‡∞™‡±ç‡∞°‡±á‡∞ü‡±ç!

#Vaathi #SIR #VaathiVaraar #Dhanush #VenkyAtluri #SamyuktaMenon #123telugu 

https://t.co/18khSp5Q6L"
208,"‡∞ï‡∞∞‡±Ü‡∞Ç‡∞ü‡±ç ‡∞Ö‡∞´‡±à‡∞∞‡±ç‡∞∏‡±ç: ‡∞Ö‡∞µ‡∞æ‡∞∞‡±ç‡∞°‡±Å‡∞≤‡±Å 
#PadmaAwards #currentaffairs #NewsUpdate #TeluguNews #Dishadaily 
https://t.co/bsSqE38a4n"
209,"‡∞§‡∞Æ‡±ç‡∞Æ‡±Å‡∞°‡∞ø ‡∞∏‡∞ø‡∞®‡∞ø‡∞Æ‡∞æ‡∞≤‡±ã ‡∞∏‡±ç‡∞ü‡∞Ç‡∞ü‡±ç‡∞∏‡±ç ‡∞Ö‡∞®‡±ç‡∞®‡∞ø ‡∞°‡±Ç‡∞™‡±ç ‡∞Ö‡∞Ç‡∞ü‡∞ó‡∞æ ?.. ‡∞¨‡∞æ‡∞≤‡∞Ø‡±ç‡∞Ø ‡∞™‡±ç‡∞∞‡∞∂‡±ç‡∞®‡∞ï‡±Å ‡∞™‡∞µ‡∞®‡±ç ‡∞è‡∞Ç ‡∞ö‡±Ü‡∞™‡±ç‡∞™‡∞æ‡∞∞‡±ã ‡∞§‡±Ü‡∞≤‡±Å‡∞∏‡∞æ..

#PawanKalyan #UnstoppableWithNBK #Balakrishna

https://t.co/N15sQzXjto"
210,"Sreeleela: ‡∞ï‡±Å‡∞∞‡±ç‡∞∞‡∞æ‡∞≥‡±ç‡∞≥ ‡∞Æ‡∞¶‡∞ø ‡∞¶‡±ã‡∞∏‡±ç‡∞§‡±Å‡∞®‡±ç‡∞® ‡∞∂‡±ç‡∞∞‡±Ä‡∞≤‡±Ä‡∞≤ ‡∞®‡±ç‡∞Ø‡±Ç ‡∞´‡±ä‡∞ü‡±ã‡∞∏‡±ç..

#Adani #Budget2023 #FinanceMinister #IncomeTax #Indvsnzt20 #Ishankishan #NewRegime #PawanKalyan #Pawankalyanonaha #Prabhas #ProjectK #SamanthaRuthPrabhu #SreeLeela #Sreeleelalatestmovieupdate

https://t.co/lMGUlQDEuh https://t.co/eHyMWii1g6"
211,"Sai Pallavi : ‡∞ú‡±Ä‡∞µ‡∞ø‡∞§‡∞Ç‡∞≤‡±ã ‡∞Ö‡∞µ‡∞ø ‡∞â‡∞Ç‡∞ü‡±á ‡∞ö‡∞æ‡∞≤‡∞ü.. ‡∞®‡∞µ‡±ç‡∞µ‡±Å‡∞≤‡±Å ‡∞ö‡∞ø‡∞Ç‡∞¶‡∞ø‡∞∏‡±ç‡∞§‡±Å‡∞®‡±ç‡∞® ‡∞∏‡∞æ‡∞Ø‡∞ø ‡∞™‡∞≤‡±ç‡∞≤‡∞µ‡∞ø
https://t.co/TM83r26fNR
#tollywoodheroine #SaiPallaviage #SaiPallavimovies"
212,"‡∞§‡∞æ‡∞∞‡∞ï‡∞∞‡∞§‡±ç‡∞® ‡∞ó‡±Å‡∞Ç‡∞°‡±Ü ‡∞™‡∞®‡∞ø‡∞§‡±Ä‡∞∞‡±Å ‡∞Æ‡±Ü‡∞∞‡±Å‡∞ó‡±à‡∞Ç‡∞¶‡∞ø ‡∞Æ‡±Ü‡∞¶‡∞°‡±Å ‡∞Æ‡∞æ‡∞§‡±ç‡∞∞‡∞Ç... ‡∞∑‡∞æ‡∞ï‡∞ø‡∞Ç‡∞ó‡±ç ‡∞µ‡∞ø‡∞∑‡∞Ø‡∞æ‡∞≤‡±Å ‡∞µ‡±Ü‡∞≤‡±ç‡∞≤‡∞°‡∞ø‡∞Ç‡∞ö‡∞ø‡∞® ‡∞µ‡±à‡∞∏‡±Ä‡∞™‡±Ä ‡∞é‡∞Ç‡∞™‡±Ä!

https://t.co/HR3h4dk1gT

#tarakaratna #tarakaratahealthupdate #vijayasaireddy #TarakaRatnaNandamuri"
213,"‡∞ü‡±à‡∞ü‡∞ø‡∞≤‡±ç ‡∞Ö‡∞®‡±å‡∞®‡±ç‡∞∏‡±ç ‡∞Æ‡±Ü‡∞Ç‡∞ü‡±ç ‡∞ï‡∞ø ‡∞Æ‡±Å‡∞Ç‡∞¶‡±á ‡∞≠‡∞æ‡∞∞‡±Ä ‡∞π‡±à‡∞™‡±ç...‡∞≠‡∞æ‡∞∞‡±Ä ‡∞ß‡∞∞‡∞ï‡±Å ‡∞§‡∞≤‡∞™‡∞•‡∞ø67 ‡∞°‡∞ø‡∞ú‡∞ø‡∞ü‡∞≤‡±ç ‡∞∞‡±à‡∞ü‡±ç‡∞∏‡±ç!

#Thalapathy67 #Vijay #LokeshKanagaraj #LCU #123telugu 

https://t.co/T2yS5Nv9G6"
214,"L&amp;T: ‡∞é‡∞≤‡±ç‚Äå ‡∞Ö‡∞Ç‡∞°‡±ç‚Äå ‡∞ü‡±Ä ‡∞ï‡∞®‡±ç‚Äå‡∞∏‡±ç‡∞ü‡±ç‡∞∞‡∞ï‡±ç‡∞∑‡∞®‡±ç‚Äå-‡∞∏‡±ç‡∞ï‡∞æ‡∞≤‡∞∞‡±ç‚Äå‡∞∑‡∞ø‡∞™‡±ç‚Äå‡∞≤‡±Å 
https://t.co/Uy2LHjG3Ls"
215,"‡∞ï‡∞°‡±Å‡∞™‡±Å‡∞®‡±ä‡∞™‡±ç‡∞™‡∞ø‡∞§‡±ã ‡∞¨‡∞æ‡∞ß‡∞™‡∞°‡±Å‡∞§‡±Å‡∞®‡±ç‡∞® ‡∞ï‡±Å‡∞Æ‡∞æ‡∞∞‡±ç‡∞§‡±Ü‡∞®‡±Å ‡∞Ü‡∞∏‡±ç‡∞™‡∞§‡±ç‡∞∞‡∞ø‡∞≤‡±ã ‡∞ö‡±á‡∞∞‡±ç‡∞™‡∞ø‡∞∏‡±ç‡∞§‡±á.. ‡∞§‡∞≤‡±ç‡∞≤‡∞ø‡∞¶‡∞Ç‡∞°‡±ç‡∞∞‡±Å‡∞≤ ‡∞∞‡±ã‡∞¶‡∞®
#Delhi #GirlSurgery #DelhiHospital 
https://t.co/eqHx3NaDjs"
216,"Efforts should be made to control crime with latest technology. District SP

‡∞Ö‡∞§‡±ç‡∞Ø‡∞æ‡∞ß‡±Å‡∞®‡∞ø‡∞ï ‡∞ü‡±Ü‡∞ï‡±ç‡∞®‡∞æ‡∞≤‡∞ú‡±Ä‡∞§‡±ã ‡∞®‡±á‡∞∞‡∞æ‡∞≤ ‡∞®‡∞ø‡∞Ø‡∞Ç‡∞§‡±ç‡∞∞‡∞£‡∞ï‡±Å ‡∞ï‡±É‡∞∑‡∞ø ‡∞ö‡±á‡∞Ø‡∞æ‡∞≤‡∞ø .‡∞ú‡∞ø‡∞≤‡±ç‡∞≤‡∞æ ‡∞é‡∞∏‡±ç‡∞™‡±Ä‡∞∏‡∞æ‡∞ï‡±ç‡∞∑‡∞ø‡∞§ ‡∞ï‡∞∞‡±ç‡∞®‡±Ç‡∞≤‡±Å ‡∞ú‡∞ø‡∞≤‡±ç‡∞≤‡∞æ ‡∞™‡±ç‡∞∞‡∞§‡∞ø‡∞®‡∞ø‡∞ß‡∞ø

‡∞™‡±ã‡∞≤‡±Ä‡∞∏‡±Å ‡∞Ö‡∞ß‡∞ø‡∞ï‡∞æ‡∞∞‡±Å‡∞≤‡∞§‡±ã ‡∞®‡±á‡∞∞ ‡∞∏‡∞Æ‡±Ä‡∞ï‡±ç‡∞∑‡∞æ ‡∞®‡∞ø‡∞∞‡±ç‡∞µ‡∞π‡∞ø‡∞Ç‡∞ö‡∞ø‡∞® . ‡∞ú‡∞ø‡∞≤‡±ç‡∞≤‡∞æ ‡∞é‡∞∏‡±ç‡∞™‡±Ä.‡∞∂‡∞ø‡∞ï‡±ç‡∞∑‡∞≤

https://t.co/4lQRM0gHPY https://t.co/YN3Bc8aCZP"
217,"‡∞ï‡∞≤‡∞µ‡∞∞ ‡∞™‡±Ü‡∞°‡±Å‡∞§‡±Å‡∞®‡±ç‡∞® ‡∞ï‡±á‡∞∞‡∞≥ ‡∞ï‡±Å‡∞ü‡±ç‡∞ü‡∞ø https://t.co/6Z5OOyeAjM  #WaltairVeerayyaOnJan13th #SrideviChiranjeevi #WaltairVeerayya #PoonakaluLoading #MythriMovieMakers #WalterVeerayya #BossParty #VeerayyaTitleSong 
@KChiruTweets"
218,‡∞ï‡∞≤‡∞µ‡∞∞ ‡∞™‡±Ü‡∞°‡±Å‡∞§‡±Å‡∞®‡±ç‡∞® ‡∞ï‡±á‡∞∞‡∞≥ ‡∞ï‡±Å‡∞ü‡±ç‡∞ü‡∞ø https://t.co/6Z5OOyeAjM #OkkaduSpecialShows #OkkaduBookings #Okkadu4KSpecialShows #OkkaduReRelease #Okkadu4K #MaheshBabuìÉµ #OkkaduCelebrations #SSMB28 #SSMB29 #18Pages #AdiviSesh #KushiReRelease #DilRaju #PuriJagan #Puri #Puri
219,‡∞ï‡∞≤‡∞µ‡∞∞ ‡∞™‡±Ü‡∞°‡±Å‡∞§‡±Å‡∞®‡±ç‡∞® ‡∞ï‡±á‡∞∞‡∞≥ ‡∞ï‡±Å‡∞ü‡±ç‡∞ü‡∞ø https://t.co/6Z5OOyeAjM  #KantaraTheLegend #KantaraTamil #Kantara #Kantarareview #KantaraTelugu #KantaraHindi #VarahaRoopam #RishabShetty #KantaraOnNetflix #Kantaraonprime #KGF2 #KGF1 #KGFChapter2 #NeverMessWithMBFans #prabhas
220,‡∞ï‡∞≤‡∞µ‡∞∞ ‡∞™‡±Ü‡∞°‡±Å‡∞§‡±Å‡∞®‡±ç‡∞® ‡∞ï‡±á‡∞∞‡∞≥ ‡∞ï‡±Å‡∞ü‡±ç‡∞ü‡∞ø https://t.co/6Z5OOyeAjM  #Adhipurush #Salaar #Projectk #prabhas #Prabhas #PrabhasUnstoppbleGlimpse #PrabhasWithNBK #PrabhasOnAha #GopiChand #RAmPOthineni #NBKWithPrabhas #VinaroBhagyamuVishnuKatha #HIT2  #Major  #AndhraPradesh
221,‡∞ï‡∞≤‡∞µ‡∞∞ ‡∞™‡±Ü‡∞°‡±Å‡∞§‡±Å‡∞®‡±ç‡∞® ‡∞ï‡±á‡∞∞‡∞≥ ‡∞ï‡±Å‡∞ü‡±ç‡∞ü‡∞ø https://t.co/6Z5OOyeAjM #anupamaa #Anupamaparameshwaran #SixBeautifulYearsOfRashmika #Nayanthara #RashmikaMandanna #6GoldenYearsOfRashmika #Shradhakapoor #RaashiiKhanna #RakulPreetSingh #AliaBhatt #DeepikaPadukone #SreeLeela
222,‡∞ï‡∞≤‡∞µ‡∞∞ ‡∞™‡±Ü‡∞°‡±Å‡∞§‡±Å‡∞®‡±ç‡∞® ‡∞ï‡±á‡∞∞‡∞≥ ‡∞ï‡±Å‡∞ü‡±ç‡∞ü‡∞ø https://t.co/6Z5OOyeAjM  #VarisuAlbum #Varisu #Varasudu #VarisuPongal2023 #ThalapathyVijay #VarisuAudioLaunch #SoulOfVaarasudu #VarisuThirdSingle #Thalapathy67 #ThunivuCharactersReveal #ThunivuDay #ThunivuPongal #ThunivuTrailer
223,‡∞ï‡∞≤‡∞µ‡∞∞ ‡∞™‡±Ü‡∞°‡±Å‡∞§‡±Å‡∞®‡±ç‡∞® ‡∞ï‡±á‡∞∞‡∞≥ ‡∞ï‡±Å‡∞ü‡±ç‡∞ü‡∞ø https://t.co/6Z5OOyeAjM #JoharNTR #Rajinikanth #MegaBlockbusterVarisu #Sunil #SunilInJailer #Jailer #SalmanKhanìÉµ #SalmanKhan #NTRGoesGlobal #NTRForOscars #NTR #ntr31 #NTRìÉµ #NTRJr #NTRWardrobeDecode #RRR2 #VarisuHits210Crs
224,"‡∞π‡±Ä‡∞ü‡±Å ‡∞™‡±Ü‡∞Ç‡∞ö‡±á‡∞∏‡±ç‡∞§‡±ã‡∞®‡±ç‡∞® ‡∞¨‡∞æ‡∞≤‡∞Ø‡±ç‡∞Ø ‡∞π‡±Ä‡∞∞‡±ã‡∞Ø‡∞ø‡∞®‡±ç.. ‡∞Ü‡∞Æ‡±Ü ‡∞°‡±ç‡∞∞‡±Ü‡∞∏‡±ç‡∞∏‡±Å‡∞≤‡±Å ‡∞ö‡±Ç‡∞∂‡∞æ‡∞∞‡∞Ç‡∞ü‡±á..!
#sonalchauhan  #sonal  #actressphotoshoot #actressmodel #Actress #ActressGallery #tollywood #actresslife #tollywoodactress #FilmiBeatTelugu 

https://t.co/dXOAtvHp4m"
225,"Pooja Hegde : ‡∞ö‡±Ä‡∞∞ ‡∞ï‡∞ü‡±ç‡∞ü‡±Å‡∞≤‡±ã ‡∞§‡∞≥‡±Å‡∞ï‡±ç‡∞ï‡±Å‡∞Æ‡∞Ç‡∞ü‡±Å‡∞®‡±ç‡∞® ‡∞¨‡±Å‡∞ü‡±ç‡∞ü‡∞¨‡±ä‡∞Æ‡±ç‡∞Æ ‚Äú‡∞™‡±Ç‡∞ú‡∞æ ‡∞π‡±Ü‡∞ó‡±ç‡∞°‡±á‚Äô..

 https://t.co/7GlcJHVPnb 

#actresspoojahegde  #poojahegde #poojahegdephotogallery #Teluguactress #tollywood  #Prime9News"
226,@anarchist_vs @KTRBRS ‡∞¶‡±á‡∞∂‡∞æ‡∞®‡±ç‡∞®‡∞ø ‡∞Ö‡∞™‡±ç‡∞™‡±Å‡∞≤ ‡∞ï‡±Å‡∞™‡±ç‡∞™‡∞ó‡∞æ ‡∞Æ‡∞æ‡∞∞‡±Å‡∞∏‡±ç‡∞§‡±Ç ‡∞Ö‡∞ß‡±ã‡∞ó‡∞§‡∞ø ‡∞™‡∞ü‡±ç‡∞ü‡∞ø‡∞∏‡±ç‡∞§‡±Å‡∞®‡±ç‡∞® ‡∞ï‡±á‡∞Ç‡∞¶‡±ç‡∞∞ ‡∞™‡±ç‡∞∞‡∞≠‡±Å‡∞§‡±ç‡∞µ‡∞Ç.https://t.co/2dfnlzBKvO
227,"‡∞ê‡∞¶‡±á‡∞≥‡±ç‡∞≤ ‡∞ï‡∞ø‡∞Ç‡∞¶‡∞ü ‡∞á‡∞ö‡±ç‡∞ö‡∞ø‡∞® ‡∞§‡±Ä‡∞∞‡±ç‡∞™‡±Å‡∞™‡±à ‡∞ï‡±Ä‡∞≤‡∞ï ‡∞®‡∞ø‡∞∞‡±ç‡∞£‡∞Ø‡∞Ç
#SupremeCourt #IPC #TeluguNews   
https://t.co/7fsVyCevyY"
228,"‚Äú‡∞™‡∞†‡∞æ‡∞®‡±ç‚Äù ‡∞≤‡±á‡∞ü‡±Ü‡∞∏‡±ç‡∞ü‡±ç ‡∞∏‡±Ü‡∞®‡±ç‡∞∏‡±á‡∞∑‡∞®‡∞≤‡±ç ‡∞µ‡∞∏‡±Ç‡∞≥‡±ç‡∞≤ ‡∞°‡±Ä‡∞ü‡±Ü‡∞Ø‡∞ø‡∞≤‡±ç‡∞∏‡±ç.!

https://t.co/xy7PmcKcUt

#ShahRukhKhan #Pathaan #JohnAbraham #DeepikaPadukone #PathaanBoxoffice #123telugu"
229,"‡∞µ‡∞Ç‡∞¶‡∞≤ ‡∞ï‡±ã‡∞ü‡±ç‡∞≤ ‡∞∏‡±ç‡∞ü‡∞æ‡∞∞‡±ç‚Äå ‡∞π‡±Ä‡∞∞‡±ã‡∞ï‡∞ø ‡∞¶‡∞æ‡∞∞‡±Å‡∞£ ‡∞™‡∞∞‡∞ø‡∞∏‡±ç‡∞•‡∞ø‡∞§‡∞ø!
https://t.co/4UEqVzenmj
#Mohanlal #Alone #TeluguNews"
230,"‡∞®‡∞ø‡∞∞‡±ç‡∞Æ‡∞≤‡∞Æ‡±ç‡∞Æ ‡∞™‡∞¶‡±ç‡∞¶‡±Å‡∞™‡±à ‡∞Æ‡±ã‡∞¶‡±Ä ‡∞ï‡∞ø‡∞§‡∞æ‡∞¨‡±Å
#Budget2023 #NirmalaSitharaman #NarendraModi #TeluguNews
 https://t.co/No6qBrf8N3"
231,"Suma Adda: ‡∞Æ‡∞®‡∞∏‡±Å ‡∞™‡±ç‡∞∞‡∞∂‡∞æ‡∞Ç‡∞§‡∞Ç‡∞ó‡∞æ ‡∞â‡∞Ç‡∞°‡∞ü‡∞æ‡∞®‡∞ø‡∞ï‡∞ø ‡∞™‡±ã‡∞∏‡∞æ‡∞®‡∞ø ‡∞ü‡±Ü‡∞ï‡±ç‡∞®‡∞ø‡∞ï‡±ç‚Äå.. ‡∞§‡±Ü‡∞≤‡∞ø‡∞∏‡±ç‡∞§‡±á ‡∞®‡∞µ‡±ç‡∞µ‡∞æ‡∞ó‡∞¶‡±Å..!
#ali #PosaniKrishnaMurali #suma #eenadu #Videogallery 
https://t.co/F6zh7mQBN6"
232,"‡∞®‡±á‡∞°‡±Å ‡∞™‡±á ‡∞™‡∞æ‡∞≤‡±ç ‡∞µ‡∞Ç‡∞§‡±Å.. ‡∞ä‡∞°‡∞ø‡∞™‡±ã‡∞Ø‡∞ø‡∞® 2000‡∞â‡∞¶‡±ç‡∞Ø‡±ã‡∞ó‡∞æ‡∞≤‡±Å

#PayPal #LayOffs #LayOffs2023 #NTVTelugu #NTVNews

https://t.co/9UlgMvmb0n"
233,CNTT: ‡∞ö‡±Ü‡∞®‡±ç‡∞®‡±à ‡∞ï‡∞Ç‡∞ü‡±ã‡∞®‡±ç‡∞Æ‡±Ü‡∞Ç‡∞ü‡±ç‚Äå ‡∞¨‡±ã‡∞∞‡±ç‡∞°‡±ç‚Äå‡∞≤‡±ã 28 ‡∞™‡±ã‡∞∏‡±ç‡∞ü‡±Å‡∞≤‡±Å¬† https://t.co/JtVflXijuA
234,"‡∞ú‡∞æ‡∞æ‡∞§‡±Ä‡∞Ø ‡∞Ö‡∞∏‡±Ü‡∞Ç‡∞¨‡±ç‡∞≤‡±Ä‡∞≤‡±ã ‡∞Æ‡∞Ç‡∞§‡±ç‡∞∞‡∞ø ‡∞∏‡∞Ç‡∞ö‡∞≤‡∞® ‡∞™‡±ç‡∞∞‡∞ï‡∞ü‡∞®
#Peshawar #pakistani #TeluguNews 
 https://t.co/rg0mMbzbHj"
235,Latest Govt Jobs: ‡∞§‡∞æ‡∞ú‡∞æ ‡∞™‡±ç‡∞∞‡∞≠‡±Å‡∞§‡±ç‡∞µ ‡∞â‡∞¶‡±ç‡∞Ø‡±ã‡∞ó ‡∞™‡±ç‡∞∞‡∞ï‡∞ü‡∞®‡∞≤‡±Å https://t.co/kczMvjFmsx
236,"Ashika Ranganath: ‡∞ü‡±à‡∞ü‡±ç ‡∞´‡∞ø‡∞ü‡±ç ‡∞°‡±ç‡∞∞‡±Ü‡∞∏‡±ç ‡∞≤‡±ã ‡∞ü‡±Ü‡∞Ç‡∞™‡±ç‡∞ü‡±ç ‡∞ö‡±á‡∞∏‡±ç‡∞§‡±Å‡∞®‡±ç‡∞® ‡∞ï‡∞®‡±ç‡∞®‡∞° ‡∞Æ‡±Å‡∞¶‡±ç‡∞¶‡±Å‡∞ó‡±Å‡∞Æ‡±ç‡∞Æ ‡∞Ü‡∞∑‡∞ø‡∞ï..

#Adani #AliaBhatt #AshikaRanganath #AshikaRanganathlatestphotos #AshikaRanganathlatestpics #AshikaRanganathmovieupdates #AshikaRanganathmovies #Budget2023 #Cigarettes

https://t.co/KmbnF6Thdc https://t.co/gTGt1wHjFL"
237,"‡∞¨‡±ã‡∞≤‡±ç‡∞°‡±ç‚Äå ‡∞¶‡±Å‡∞∏‡±ç‡∞§‡±Å‡∞≤‡∞§‡±ã ‡∞¶‡∞∞‡±ç‡∞∂‡∞®‡∞Æ‡∞ø‡∞∏‡±ç‡∞§‡±Ç ‡∞ï‡∞≤‡∞µ‡∞∞ ‡∞™‡±Ü‡∞°‡±Å‡∞§‡±Å‡∞®‡±ç‡∞® ‡∞ï‡±á‡∞∞‡∞≥ ‡∞ï‡±Å‡∞ü‡±ç‡∞ü‡∞ø |  
https://t.co/dcrySZfUjX"
238,"‡∞∏‡±Ç‡∞™‡∞∞‡±ç ‡∞∏‡±ç‡∞ü‡±à‡∞≤‡∞ø‡∞∑‡±ç ‡∞ó‡∞æ ‡∞∏‡∞Æ‡∞Ç‡∞§ ‡∞ï‡±ä‡∞§‡±ç‡∞§ ‡∞∏‡∞ø‡∞∞‡±Ä‡∞∏‡±ç ‡∞≤‡±ã ‡∞≤‡±Å‡∞ï‡±ç.!

https://t.co/ZugvPR66K1

#123telugu #Samantha
@Samanthaprabhu2 @rajndk @d2r_films
@MenonSita @Varun_dvn #RussoBrothers  #agbofilms 
@AmazonStudios_"
239,ICMR: ‡∞é‡∞®‡±ç‚Äå‡∞è‡∞Ü‡∞∞‡±ç‚Äå‡∞ê-‡∞™‡±Å‡∞£‡±Ü‡∞≤‡±ã ‡∞°‡±á‡∞ü‡∞æ ‡∞é‡∞Ç‡∞ü‡±ç‡∞∞‡±Ä ‡∞Ü‡∞™‡∞∞‡±á‡∞ü‡∞∞‡±ç‡∞≤‡±Å¬† https://t.co/cpO8CVyAR1
240,"‚Äò‡∞Æ‡±à‡∞ñ‡±á‡∞≤‡±ç‚Äå‚Äô ‡∞™‡±ç‡∞∞‡±Ä ‡∞∞‡∞ø‡∞≤‡±Ä‡∞ú‡±ç‚Äå ‡∞à‡∞µ‡±Ü‡∞Ç‡∞ü‡±ç‚Äå : ‡∞∞‡±Ü‡∞°‡±ç ‡∞°‡±ç‡∞∞‡±Ü‡∞∏‡±ç ‡∞≤‡±ã ‡∞Æ‡±Ü‡∞∞‡∞ø‡∞∏‡∞ø‡∞® ‡∞π‡±Ä‡∞∞‡±ã‡∞Ø‡∞ø‡∞®‡±ç ‡∞¶‡∞ø‡∞µ‡±ç‡∞Ø‡∞æ‡∞Ç‡∞∂‡∞æ ‡∞ï‡±å‡∞∂‡∞ø‡∞ï‡±ç (‡∞´‡±ä‡∞ü‡±ã‡∞≤‡±Å)
https://t.co/YhJu5gRVPN
#DivyanshaKaushik #tollywood #ActressGallery"
241,"‡∞Ö‡∞¶‡∞æ‡∞®‡±Ä ‡∞é‡∞Ç‡∞ü‡∞∞‡±ç‚Äå‡∞™‡±ç‡∞∞‡±à‡∞ú‡±Ü‡∞∏‡±ç‚Äå ‡∞é‡∞´‡±ç‚Äå‡∞™‡±Ä‡∞ì ‡∞µ‡∞ø‡∞ú‡∞Ø‡∞µ‡∞Ç‡∞§‡∞Ç
#Adani #AdaniGroup #NationalNews #TeluguNews 

@bigtv_live 
https://t.co/vsgumIqCUC"
242,"‡∞¨‡∞°‡±ç‡∞ú‡±Ü‡∞ü‡±ç 2023 ‡∞≤‡±à‡∞µ‡±ç ‡∞Ö‡∞™‡±ç‚Äå‡∞°‡±á‡∞ü‡±ç‡∞∏‡±ç: ‡∞Ü‡∞∞‡±ç‡∞•‡∞ø‡∞ï ‡∞Æ‡∞Ç‡∞§‡±ç‡∞∞‡∞ø ‡∞®‡∞ø‡∞∞‡±ç‡∞Æ‡∞≤‡∞æ ‡∞∏‡±Ä‡∞§‡∞æ‡∞∞‡∞æ‡∞Æ‡∞®‡±ç ‡∞¨‡∞°‡±ç‡∞ú‡±Ü‡∞ü‡±ç ‡∞™‡±ç‡∞∞‡∞∏‡∞Ç‡∞ó‡∞Ç ‡∞π‡±à‡∞≤‡±à‡∞ü‡±ç‡∞∏‡±ç
https://t.co/BK6UNdCpgM #BudgetSession #Budget2023 #Budget #BudgetSession2023 #NirmalaSitaraman"
243,"‡∞∂‡∞æ‡∞∞‡±Ä‡∞≤‡±ã ‡∞Æ‡±Ü‡∞∏‡±ç‡∞Æ‡∞∞‡±à‡∞ú‡±ç‚Äå ‡∞ö‡±á‡∞∏‡±ç‡∞§‡±Å‡∞®‡±ç‡∞® ‡∞π‡±Ä‡∞∞‡±ã‡∞Ø‡∞ø‡∞®‡±ç ‡∞™‡±Ç‡∞ú‡∞æ ‡∞π‡±Ü‡∞ó‡±ç‡∞°‡±á (‡∞´‡±ä‡∞ü‡±ã‡∞≤‡±Å)
https://t.co/myfaQpctvg
#PoojaHegde #TollywoodActress #ActressGallery"
244,"NBK108: ‡∞∂‡±ç‡∞∞‡±Ä‡∞≤‡±Ä‡∞≤ ‡∞§‡∞≤‡±ç‡∞≤‡∞ø‡∞ó‡∞æ ‡∞®‡∞ü‡∞ø‡∞Ç‡∞ö‡±á‡∞¶‡±Ü‡∞µ‡∞∞‡±ã? ‡∞ï‡∞æ‡∞ú‡∞≤‡∞æ, ‡∞π‡∞®‡±Ä‡∞∞‡±ã‡∞ú‡∞æ, ‡∞∏‡±ã‡∞®‡∞æ‡∞ï‡±ç‡∞∑‡∞ø‡∞®‡∞æ, ‡∞™‡±ç‡∞∞‡∞ø‡∞Ø‡∞æ‡∞Ç‡∞ï‡∞æ‡∞®‡∞æ | Vidhaatha | Latest Telugu News
https://t.co/qOdDvpbOFm"
245,"‡∞¨‡∞°‡±ç‡∞ú‡±Ü‡∞ü‡±ç‚Äå‡∞ï‡±Å ‡∞∞‡∞Ç‡∞ó‡∞Ç ‡∞∏‡∞ø‡∞¶‡±ç‡∞ß‡∞Ç.. ‡∞™‡∞¶‡±ç‡∞¶‡±Å‡∞§‡±ã ‡∞∞‡∞æ‡∞∑‡±ç‡∞ü‡±ç‡∞∞‡∞™‡∞§‡∞ø ‡∞≠‡∞µ‡∞®‡±ç‚Äå‡∞ï‡±Å‚Äã ‡∞ö‡±á‡∞∞‡∞ø‡∞® ‡∞§‡±Ü‡∞≤‡±Å‡∞ó‡∞ø‡∞Ç‡∞ü‡∞ø ‡∞ï‡±ã‡∞°‡∞≤‡±Å ‡∞®‡∞ø‡∞∞‡±ç‡∞Æ‡∞≤‡∞Æ‡±ç‡∞Æ..
#Budget2023 #NirmalaSitaraman #BudgetSession 
https://t.co/xsgxvALeXl"
246,"‡∞Æ‡∞≥‡±ç‡∞≤‡±Ä ‡∞¶‡±Ä‡∞®‡∞ø‡∞®‡∞ø ‡∞ö‡±Ç‡∞°‡∞æ‡∞≤‡∞Ç‡∞ü‡±á ‡∞Æ‡∞∞‡±ã 50 ‡∞µ‡±á‡∞≤ ‡∞∏‡∞Ç‡∞µ‡∞§‡±ç‡∞∏‡∞∞‡∞æ‡∞≤‡±Å ‡∞®‡∞ø‡∞∞‡±Ä‡∞ï‡±ç‡∞∑‡∞£ ‡∞§‡∞™‡±ç‡∞™‡∞¶‡±Å!
#comet #NASA #TeluguNews https://t.co/RjM8OjLIgU"
247,"‚Äò‡∞è‡∞ú‡±Ü‡∞Ç‡∞ü‡±ç‚Äô ‡∞≤‡±á‡∞ü‡±Ü‡∞∏‡±ç‡∞ü‡±ç ‡∞Ö‡∞™‡±ç ‡∞°‡±á‡∞ü‡±ç ‡∞è‡∞Ç‡∞ü‡∞ø..? 
#idhatri #AkhilAkkineni #Agent #SurenderReddy 
https://t.co/5R2Y32SprA"
248,"7 ‡∞¶‡∞∂‡∞æ‡∞¨‡±ç‡∞¶‡∞æ‡∞≤‡±Å‡∞ó‡∞æ ‡∞Ü ‡∞ó‡±ç‡∞∞‡∞æ‡∞Æ‡∞Ç‡∞≤‡±ã ‡∞Ö‡∞Ç‡∞§‡∞æ ‡∞∏‡±à‡∞ó‡∞≤‡∞§‡±ã‡∞®‡±á ‡∞∏‡∞Ç‡∞≠‡∞æ‡∞∑‡∞£.. ‡∞é‡∞Ç‡∞¶‡±Å‡∞ï‡∞Ç‡∞ü‡±á - Viral Latest   #decades #Bengala #Indonesia #Telugu #TeluguStop

https://t.co/cZPuv0X0hQ"
249,"‡∞™‡±ç‡∞∞‚Äå‡∞≠‡±Å‡∞§‡±ç‡∞µ ‡∞â‡∞¶‡±ç‡∞Ø‡±ã‡∞ó‡∞Ç ‡∞â‡∞®‡±ç‡∞® ‡∞µ‚Äå‡∞ß‡±Å‡∞µ‡±Å ‡∞ï‡∞æ‡∞µ‚Äå‡∞≤‡±Ü‡∞®‡±Å.. ‡∞ï‚Äå‡∞ü‡±ç‡∞®‡∞Ç ‡∞á‡∞ö‡±ç‡∞ö‡±á‡∞Ç‡∞¶‡±Å‡∞ï‡±Å ‡∞∞‡±Ü‡∞°‡±Ä.. | Vidhaatha | Latest Telugu News
https://t.co/LEPLh8XWyk"
250,"‡∞∞‡∞æ‡∞π‡±Å‡∞≤‡±ç ‡∞ó‡∞æ‡∞Ç‡∞ß‡±Ä ‡∞µ‡±ç‡∞Ø‡∞æ‡∞ñ‡±ç‡∞Ø‡∞≤‡∞ï‡±Å ‡∞Æ‡∞Ç‡∞§‡±ç‡∞∞‡∞ø ‡∞ï‡±å‡∞Ç‡∞ü‡∞∞‡±ç
#RahulGandhi #BharatJodoYatra #TeluguNews
 https://t.co/iO3b2YxVPx"
251,"‡∞ò‡±ã‡∞∞ ‡∞Ö‡∞ó‡±ç‡∞®‡∞ø ‡∞™‡±ç‡∞∞‡∞Æ‡∞æ‡∞¶‡∞Ç.. ‡∞™‡±Ç‡∞ú‡∞≤‡±Å ‡∞ö‡±á‡∞∏‡±ç‡∞§‡±Å‡∞Ç‡∞°‡∞ó‡∞æ ‡∞ö‡±Ü‡∞≤‡∞∞‡±á‡∞ó‡∞ø‡∞® ‡∞Æ‡∞Ç‡∞ü‡∞≤‡±Å
#fire #Dhanbad #Jharkhand #TeluguNews
 https://t.co/S5XeuRgIAs"
252,"Relationship Love: ‡∞Ö‡∞¨‡±ç‡∞¨‡∞æ‡∞Ø‡∞ø‡∞≤‡±Å ‡∞®‡∞ø‡∞ú‡∞Ç‡∞ó‡∞æ ‡∞™‡±ç‡∞∞‡±á‡∞Æ‡∞ø‡∞∏‡±ç‡∞§‡±á.. ‡∞á‡∞≤‡∞æ‡∞®‡±á ‡∞â‡∞Ç‡∞ü‡∞æ‡∞∞‡±Å..!

#10AdvantagesofLove #Adani #AdvantagesandDisadvantagesofLove #BenefitsofLoveRelationships #BenefitsofRomanceinaRelationship #JrNtr #LokeshKanakaraj #MaheshBabu #Nani30 #NTR30 #PawanKalya

https://t.co/jCJfXC1LR1 https://t.co/fOOxEsWK10"
253,"‡∞π‡±Ü‡∞Ø‡∞ø‡∞∞‡±ç‚Äå ‡∞∏‡±ç‡∞ü‡±ç‡∞∞‡±Ü‡∞Ø‡∞ø‡∞ü‡±Ü‡∞®‡∞ø‡∞Ç‡∞ó‡±ç‚Äå ‡∞™‡±ç‡∞∞‡∞æ‡∞£‡∞æ‡∞Ç‡∞§‡∞ï‡∞Æ‡∞æ?
#hairstyle #haircare #healthcare #TeluguNews 

@bigtv_live 
https://t.co/uWzFjJVEbZ"
254,"https://t.co/L0OID7eFX5
Gold Price Today: ‡∞ï‡∞æ‡∞∏‡±ç‡∞§ ‡∞â‡∞™‡∞∂‡∞Æ‡∞®‡∞Ç ‡∞á‡∞ö‡±ç‡∞ö‡∞ø‡∞® ‡∞¨‡∞Ç‡∞ó‡∞æ‡∞∞‡∞Ç ‡∞ß‡∞∞.. ‡∞®‡±á‡∞°‡±Å ‡∞§‡±Å‡∞≤‡∞Ç ‡∞∞‡±á‡∞ü‡±Å ‡∞é‡∞Ç‡∞§‡∞Ç‡∞ü‡±á!
#GoldPrice #GoldRate #goldratetoday #Silver"
255,"NTR 30 ‡∞≤‡±á‡∞ü‡±Ü‡∞∏‡±ç‡∞ü‡±ç ‡∞Ö‡∞™‡±ç ‡∞°‡±á‡∞ü‡±ç : ‡∞∑‡±Ç‡∞ü‡∞ø‡∞Ç‡∞ó‡±ç ‡∞Æ‡±ä‡∞¶‡∞≤‡∞Ø‡±ç‡∞Ø‡±á‡∞¶‡∞ø ‡∞Ö‡∞™‡±ç‡∞™‡∞ü‡∞ø ‡∞®‡±Å‡∞Ç‡∞°‡±á ?

https://t.co/nCsZHDOo3O

#NTR30 #KoratalaSiva #NTR #123telugu"
256,"Minister KTR: ‡∞ó‡±Å‡∞ú‡∞∞‡∞æ‡∞§‡±Ä ‡∞ö‡±Ü‡∞™‡±ç‡∞™‡±Å‡∞≤‡±Å ‡∞®‡±Ü‡∞§‡±ç‡∞§‡∞ø‡∞® ‡∞™‡±Ü‡∞ü‡±ç‡∞ü‡±Å‡∞ï‡±Å‡∞®‡±á ‡∞µ‡±ç‡∞Ø‡∞ï‡±ç‡∞§‡∞ø‡∞ï‡∞ø ‡∞§‡±Ü‡∞≤‡∞Ç‡∞ó‡∞æ‡∞£ ‡∞Ü‡∞§‡±ç‡∞Æ‡∞æ‡∞≠‡∞ø‡∞Æ‡∞æ‡∞®‡∞Æ‡∞æ: ‡∞ï‡±á‡∞ü‡±Ä‡∞Ü‡∞∞‡±ç

 https://t.co/z1E9QKC42Q 

#KTR #BandiSanjay #BJP #EtelaRajendar #latestTelangananews #latestTelanganapolitics #Prime9News"
257,"‡∞Ü‡∞Æ‡±Ü ‡∞ì ‡∞™‡∞æ‡∞∞‡±ç‡∞ü‡±Ä‡∞≤‡±ã ‡∞ï‡∞≤‡∞ø‡∞∏‡∞ø‡∞®‡∞™‡±ç‡∞™‡±Å‡∞°‡±Å ‡∞§‡∞® ‡∞≤‡±à‡∞´‡±ç‚Äå‡∞≤‡±ã ‡∞Æ‡∞∏‡∞æ‡∞≤‡∞æ ‡∞Æ‡∞ø‡∞∏‡±ç‡∞∏‡∞Ø‡±ç‡∞Ø‡∞æ‡∞®‡∞Ç‡∞ü‡±Ç ‡∞®‡∞æ ‡∞¶‡∞ó‡±ç‡∞ó‡∞∞‡∞ø‡∞ï‡∞ø ‡∞µ‡∞ö‡±ç‡∞ö‡∞æ‡∞∞‡±Å. ‡∞§‡∞ø‡∞∞‡∞ø‡∞∏‡±ç‡∞ï‡∞∞‡∞ø‡∞Ç‡∞ö‡∞°‡∞Ç‡∞§‡±ã ‡∞Ö‡∞¶‡∞ø ‡∞Æ‡∞®‡∞∏‡±Å‡∞≤‡±ã ‡∞™‡±Ü‡∞ü‡±ç‡∞ü‡±Å‡∞ï‡±ä‡∞®‡∞ø ‡∞á‡∞≤‡∞æ ‡∞ö‡±á‡∞∂‡∞æ‡∞∞‡±Å: ‡∞â‡∞¶‡±ç‡∞Ø‡±ã‡∞ó‡∞Ç ‡∞ï‡±ã‡∞≤‡±ç‡∞™‡±ã‡∞Ø‡∞ø‡∞® ‡∞µ‡±ç‡∞Ø‡∞ï‡±ç‡∞§‡∞ø ‡∞Ü‡∞∞‡±ã‡∞™‡∞£
#Layoff  
https://t.co/q7yQzyZzkt"
258,"#RishabhPantCarAccident #RishabhPant #Rishabpant 
‡∞à ‡∞µ‡∞æ‡∞∞‡∞Ç‡∞≤‡±ã‡∞®‡±á ‡∞Ü‡∞∏‡±Å‡∞™‡∞§‡±ç‡∞∞‡∞ø ‡∞®‡±Å‡∞Ç‡∞ö‡∞ø ‡∞∞‡∞ø‡∞∑‡∞¨‡±ç ‡∞™‡∞Ç‡∞§‡±ç ‡∞°‡∞ø‡∞∂‡±ç‡∞õ‡∞æ‡∞∞‡±ç‡∞ú‡±ç
https://t.co/8KzRj2Y8U9"
259,"‡∞Æ‡±Ç‡∞°‡±Å ‡∞ï‡±ã‡∞ü‡±ç‡∞≤ ‡∞®‡∞ó‡∞≤‡±Å, 30 ‡∞ï‡∞ø‡∞≤‡±ã‡∞≤ ‡∞¨‡∞∞‡±Å‡∞µ‡±Å‡∞Ç‡∞°‡±á ‡∞ö‡±Ä‡∞∞ https://t.co/9OKsb2ztfS https://t.co/NyZ5W3R70h"
260,"‡∞Ö‡∞®‡∞∏‡±Ç‡∞Ø ‡∞≤‡±á‡∞ü‡±Ü‡∞∏‡±ç‡∞ü‡±ç ‡∞™‡∞ø‡∞ï‡±ç‡∞∏‡±ç ‡∞µ‡±à‡∞∞‡∞≤‡±ç..!
#Anasuya #AnchorAnasuya #AnasuyaBharadwaj  #Actress #ActressGallay #FilmibBeatTelugu 
https://t.co/cOLssZhFwA"
261,"Taraka Ratna Health Update: ‡∞§‡∞æ‡∞∞‡∞ï‡∞∞‡∞§‡±ç‡∞® ‡∞Ü‡∞∞‡±ã‡∞ó‡±ç‡∞Ø‡∞Ç‡∞™‡±à ‡∞§‡∞æ‡∞ú‡∞æ ‡∞π‡±Ü‡∞≤‡±ç‡∞§‡±ç ‡∞¨‡±Å‡∞≤‡±Ü‡∞ü‡∞ø‡∞®‡±ç ‡∞µ‡∞ø‡∞°‡±Å‡∞¶‡∞≤..
#TarakaRatna #TarakaRatnaHealthUpdate #Tollywood #narayanahrudayalaya 
https://t.co/Qivk3kZRU4"
262,"Assembly: ‡∞Ö‡∞∏‡±Ü‡∞Ç‡∞¨‡±ç‡∞≤‡±Ä ‡∞¨‡∞°‡±ç‡∞ú‡±Ü‡∞ü‡±ç ‡∞∏‡∞Æ‡∞æ‡∞µ‡±á‡∞∂‡∞æ‡∞≤‡±Å.. ‡∞à ‡∞∞‡±ã‡∞ú‡±Å‡∞®‡±á  ‡∞¨‡∞°‡±ç‡∞ú‡±Ü‡∞ü‡±ç ‡∞™‡±ç‡∞∞‡∞µ‡±á‡∞∂‡∞™‡±Ü‡∞ü‡±ç‡∞ü‡±á ‡∞õ‡∞æ‡∞®‡±ç‡∞∏‡±ç

 https://t.co/ksd7f8Wtwm 

#Budget #CMKCR #governontamilisai #tsbudget #tslatestnews #Prime9News"
263,"‡∞™‡∞µ‡∞®‡±ç ‡∞ï‡∞≥‡±ç‡∞Ø‡∞æ‡∞£‡±ç #‡∞µ‡∞æ‡∞∞‡∞æ‡∞π‡∞ø ‡∞Ø‡∞æ‡∞§‡±ç‡∞∞ ‡∞á‡∞ï‡±ç‡∞ï‡∞°‡∞ø‡∞®‡±Å‡∞Ç‡∞°‡±á ‡∞™‡±ç‡∞∞‡∞æ‡∞∞‡∞Ç‡∞≠‡∞Ç.? 
@JanaSenaParty @JSPVeeraMahila @PawanKalyan @RaghuRaju_MP @NagaBabuOffl #Janasena #pawankalyan #Varahi #yatra #padayatra #NaraLokesh #YSJagan #JSP #TDP #YSRCP #AndhraPradesh #Telangana #viral #latest 

https://t.co/2KRHfVm0aq"
264,"‡∞Æ‡±ä‡∞¶‡∞ü ‡∞Ö‡∞®‡±á‡∞ï ‡∞Ö‡∞®‡±Å‡∞Æ‡∞æ‡∞®‡∞æ‡∞≤‡∞§‡±ã ‡∞µ‡∞ö‡±ç‡∞ö‡∞ø.. ‡∞µ‡∞ø‡∞∂‡±á‡∞∑ ‡∞™‡±ç‡∞∞‡±á‡∞ï‡±ç‡∞∑‡∞ï‡∞æ‡∞¶‡∞∞‡∞£..!
#SiriHanumanth #BiggBossSiri #SiriHanumanthPhotos #actresslife #Bluedress #television #FilmiBeatTelugu 

https://t.co/BE6aXxmMP3"
265,"AP Capital Issue : ‡∞®‡±á‡∞°‡±Å ‡∞∏‡±Å‡∞™‡±ç‡∞∞‡±Ä‡∞Ç ‡∞ï‡±ã‡∞∞‡±ç‡∞ü‡±Å‡∞≤‡±ã ‡∞è‡∞™‡±Ä ‡∞Æ‡±Ç‡∞°‡±Å ‡∞∞‡∞æ‡∞ú‡∞ß‡∞æ‡∞®‡±Å‡∞≤ ‡∞ó‡±Å‡∞∞‡∞ø‡∞Ç‡∞ö‡∞ø ‡∞µ‡∞ø‡∞ö‡∞æ‡∞∞‡∞£..?

 https://t.co/1d47QkcG9C 

#apcapital #APPolitic #latestapnews #supreme #SupremecourtofIndia #Prime9News"
266,"Megastar Chiranjeevi : ‡∞§‡∞æ‡∞∞‡∞ï‡∞∞‡∞§‡±ç‡∞® ‡∞Ü‡∞∞‡±ã‡∞ó‡±ç‡∞Ø‡∞Ç ‡∞ó‡±Å‡∞∞‡∞ø‡∞Ç‡∞ö‡∞ø ‡∞∏‡±ç‡∞™‡∞Ç‡∞¶‡∞ø‡∞Ç‡∞ö‡∞ø‡∞® ‡∞Æ‡±Ü‡∞ó‡∞æ‡∞∏‡±ç‡∞ü‡∞æ‡∞∞‡±ç ‡∞ö‡∞ø‡∞∞‡∞Ç‡∞ú‡±Ä‡∞µ‡∞ø.. ‡∞µ‡±à‡∞∞‡∞≤‡±ç ‡∞ó‡∞æ ‡∞Æ‡∞æ‡∞∞‡∞ø‡∞® ‡∞é‡∞Æ‡±ã‡∞∑‡∞®‡∞≤‡±ç ‡∞™‡±ã‡∞∏‡±ç‡∞ü‡±ç !?
 https://t.co/MJ7QL4bmKI 

#actornani #MegastarChiranjeevi #mrunalthakur #nani30 #NaturalStarNani  #Prime9News"
267,"‡∞Ö‡∞§‡±ç‡∞Ø‡∞Ç‡∞§ ‡∞ï‡∞ü‡±ç‡∞ü‡±Å‡∞¶‡∞ø‡∞ü‡±ç‡∞ü‡∞Æ‡±à‡∞® ‡∞≠‡∞¶‡±ç‡∞∞‡∞§‡∞æ ‡∞µ‡∞≤‡∞Ø‡∞Ç‡∞≤‡±ã ‡∞™‡±ã‡∞≤‡±Ä‡∞∏‡±ç ‡∞µ‡∞æ‡∞π‡∞®‡∞Ç‡∞≤‡±ã ‡∞Æ‡±Å‡∞∑‡±ç‡∞ï‡∞∞‡±Å‡∞°‡±Å ‡∞™‡±ç‡∞∞‡∞µ‡±á‡∞∂‡∞Ç 
#Peshawar #Blast #Pakistan #TeluguNews 
https://t.co/TAWZSvKWuh"
268,"‡∞∂‡∞∞‡±ç‡∞µ‡∞æ‡∞®‡∞Ç‡∞¶‡±ç ‡∞ï‡±ä‡∞§‡±ç‡∞§ ‡∞∏‡∞ø‡∞®‡∞ø‡∞Æ‡∞æ‡∞™‡±à ‡∞á‡∞Ç‡∞ü‡±ç‡∞∞‡±Ü‡∞∏‡±ç‡∞ü‡∞ø‡∞Ç‡∞ó‡±ç ‡∞¨‡∞ú‡±ç!

#Sharwanand #123telugu 

https://t.co/IhVTMaNPmB"
269,‡∞≤‡±á‡∞ü‡±Ü‡∞∏‡±ç‡∞ü‡±ç..‡∞≤‡±ã‡∞ï‡±á‡∞∑‡±ç ‡∞∏‡∞ø‡∞®‡∞ø‡∞Æ‡∞æ‡∞ü‡∞ø‡∞ï‡±ç ‡∞Ø‡±Ç‡∞®‡∞ø‡∞µ‡∞∞‡±ç‡∞∏‡±ç ‡∞≤‡±ã ‡∞∏‡∞Ç‡∞ú‡∞Ø‡±ç ‡∞¶‡∞§‡±ç.! https://t.co/jEevpws93w https://t.co/62vVVGqVEs
270,‡∞™‡±ä‡∞®‡±ç‡∞®‡∞ø‡∞Ø‡∞ø‡∞®‡±ç ‡∞∏‡±Ü‡∞≤‡±ç‡∞µ‡∞®‡±ç 2 ‡∞™‡±à ‡∞≤‡±á‡∞ü‡±Ü‡∞∏‡±ç‡∞ü‡±ç ‡∞Ö‡∞™‡±ç‡∞°‡±á‡∞ü‡±ç! https://t.co/Pzz1fXFbds https://t.co/kcgkbJoWSq
271,"‡∞Ö‡∞®‡±ç‡∞®‡∞ø ‡∞ö‡±ã‡∞ü‡±ç‡∞≤‡∞æ ‡∞í‡∞ï‡±ç‡∞ï‡∞°‡±á ‡∞™‡±ã‡∞ü‡±Ä.. ‡∞á‡∞¶‡±Ä ‡∞ì ‡∞∞‡∞ø‡∞ï‡∞æ‡∞∞‡±ç‡∞°‡±á
#ImranKhan #ByElection #TeluguNews
 https://t.co/jgHTBltInS"
272,"‡∞≤‡±á‡∞ü‡±Ü‡∞∏‡±ç‡∞ü‡±ç..‡∞≤‡±ã‡∞ï‡±á‡∞∑‡±ç ‡∞∏‡∞ø‡∞®‡∞ø‡∞Æ‡∞æ‡∞ü‡∞ø‡∞ï‡±ç ‡∞Ø‡±Ç‡∞®‡∞ø‡∞µ‡∞∞‡±ç‡∞∏‡±ç ‡∞≤‡±ã ‡∞∏‡∞Ç‡∞ú‡∞Ø‡±ç ‡∞¶‡∞§‡±ç.!

https://t.co/XL3lrMEoW1

#Thalapathy67 #ThalapathyVijay #SanjayDutt #LokeshKanagaraj #LCU #123telugu"
273,"Samantha The Queen: ‡∞∏‡∞Æ‡∞Ç‡∞§ ‡∞¶‡∞ø ‡∞ï‡±ç‡∞µ‡±Ä‡∞®‡±ç.. ‡∞≤‡±á‡∞ü‡±Ü‡∞∏‡±ç‡∞ü‡±ç ‡∞™‡∞ø‡∞ï‡±ç ‡∞µ‡±à‡∞∞‡∞≤‡±ç!?
#SamanthaRuthPrabhuìÉµ  #Samantha #HashtagU 
@Samanthaprabhu2 
https://t.co/C2Lj5GzSWa"
274,"‡∞™‡±ä‡∞®‡±ç‡∞®‡∞ø‡∞Ø‡∞ø‡∞®‡±ç ‡∞∏‡±Ü‡∞≤‡±ç‡∞µ‡∞®‡±ç 2 ‡∞™‡±à ‡∞≤‡±á‡∞ü‡±Ü‡∞∏‡±ç‡∞ü‡±ç ‡∞Ö‡∞™‡±ç‡∞°‡±á‡∞ü‡±ç!

#PS2 #PonniyinSelvan #CholasAreBack #ManiRatnam @arrahman @MadrasTalkies_ @LycaProductions #Vikram #karthi #AishwaryaRaiBachchan #Trisha #123telugu

https://t.co/nHmP74k31f"
275,https://t.co/VwNLJAXbQp #ExtraJabardasth ‡∞é‡∞ï‡±ç‡∞∏‡±ç‚Äå‡∞ü‡±ç‡∞∞‡∞æ ‡∞ú‡∞¨‡∞∞‡±ç‡∞¶‡∞∏‡±ç‡∞§‡±ç ‡∞ï‡∞æ‡∞Æ‡±Ü‡∞°‡±Ä ‡∞∑‡±ã.. ‡∞¨‡±Å‡∞≤‡±ç‡∞≤‡±Ü‡∞ü‡±ç ‡∞≠‡∞æ‡∞∏‡±ç‡∞ï‡∞∞‡±ç ‡∞§‡±ã ‡∞∏‡±ç‡∞ü‡±Ü‡∞™‡±ç‡∞™‡±Å‡∞≤‡±á‡∞∏‡∞ø‡∞® ‡∞ñ‡±Å‡∞∑‡±ç‡∞¨‡±Ç #Kushbu #February
276,"‡∞≠‡∞æ‡∞∞‡±Ä‡∞ó‡∞æ ‡∞™‡∞°‡∞ø‡∞™‡±ã‡∞Ø‡∞ø‡∞® ‡∞ú‡∞®‡∞®‡∞æ‡∞≤ ‡∞∞‡±á‡∞ü‡±Å‡∞§‡±ã ‡∞ï‡±Ä‡∞≤‡∞ï ‡∞®‡∞ø‡∞∞‡±ç‡∞£‡∞Ø‡∞Ç
#China  #sichuan ##TeluguNews   
https://t.co/YCb410ooNS"
277,"‡∞∞‡∞æ‡∞∑‡±ç‡∞ü‡±ç‡∞∞‡∞™‡∞§‡∞ø‡∞ó‡∞æ ‡∞¨‡∞æ‡∞ß‡±ç‡∞Ø‡∞§‡∞≤‡±Å ‡∞ö‡±á‡∞™‡∞ü‡±ç‡∞ü‡∞ø‡∞® ‡∞§‡∞∞‡±ç‡∞µ‡∞æ‡∞§ ‡∞Æ‡±Å‡∞∞‡±ç‡∞Æ‡±Å ‡∞§‡±ä‡∞≤‡∞ø ‡∞™‡±ç‡∞∞‡∞∏‡∞Ç‡∞ó‡∞Ç ‡∞™‡∞æ‡∞∞‡±ç‡∞≤‡∞Æ‡±Ü‡∞Ç‡∞ü‡±ç‚Äå‡∞≤‡±ã
#DraupadiMurmu #budget #TeluguNews https://t.co/7VYmlBn8Bu"
278,"Krithi Shetty: ‡∞®‡±Ü‡∞ü‡±ç‡∞ü‡∞ø‡∞Ç‡∞ü ‡∞ü‡±ç‡∞∞‡±Ü‡∞Ç‡∞°‡±ç ‡∞Ö‡∞µ‡±Å‡∞§‡±Å‡∞®‡±ç‡∞® ‡∞ï‡±É‡∞§‡∞ø ‡∞∂‡±Ü‡∞ü‡±ç‡∞ü‡∞ø ‡∞≤‡±á‡∞ü‡±Ü‡∞∏‡±ç‡∞ü‡±ç ‡∞™‡∞ø‡∞ï‡±ç‡∞∏‡±ç..

#ActorNani #Adani #BudgetSession #Chiranjeevi #Krithishetty #Krithishettyage #KrithiShettyHotPhotos #KrithiShettyHotPhotosinSaree #Krithishettylatestmovieupdates

https://t.co/qeinte73gY https://t.co/6xscxbZxq2"
279,@Venkat_karmuru ‡∞µ‡±Ü‡∞®‡∞ï‡∞ü‡∞ø ‡∞∞‡±Ü‡∞°‡±ç‡∞°‡∞ø ‡∞≤‡∞æ‡∞Ç‡∞ü‡∞ø ‡∞∏‡∞®‡±ç‡∞®‡∞æ‡∞∏‡∞ø‡∞®‡∞∞ ‚Çπ 5/-. ‡∞∞‡±Ç‡∞™‡∞æ‡∞Ø‡∞ø‡∞≤‡±Å ‡∞∏‡∞®‡±ç‡∞®‡∞∏‡±Å‡∞≤‡±Å ‡∞â‡∞®‡±ç‡∞®‡∞Ç‡∞§‡∞ï‡∞æ‡∞≤‡∞Ç ‡∞Æ‡∞® ‡∞¨‡±ç‡∞∞‡∞§‡±Å‡∞ï‡±Å‡∞≤‡±Å ‡∞á‡∞≤‡∞æ‡∞®‡±á ‡∞â‡∞Ç‡∞ü‡∞æ‡∞Ø‡∞ø.... Below are the  Latest reports which we got from ‡∞ó‡±Ç‡∞ó‡±Å‡∞≤‡±ç.. ‡∞Æ‡∞® ‡∞¨‡±ç‡∞∞‡∞§‡±Å‡∞ï‡±Å‡∞≤‡±Å 8 ‡∞∏‡±ç‡∞•‡∞æ‡∞®‡∞Ç ‡∞≤‡±ã ‡∞â‡∞®‡±ç‡∞®‡∞æ‡∞Ø‡∞ø...‡∞µ‡±Ä‡∞≤‡±Å ‡∞ö‡±á‡∞∏‡±á ‡∞™‡∞®‡±Å‡∞≤‡±Å‡∞ï‡∞ø ‡∞ö‡±Ç‡∞™‡∞ø‡∞Ç‡∞ö‡±á ‡∞µ‡±á‡∞∏‡∞æ‡∞≤‡∞ï‡∞ø ‡∞ö‡∞æ‡∞≤‡∞æ ‡∞§‡±á‡∞°‡∞æ‡∞≤‡±Å ‡∞â‡∞®‡±ç‡∞®‡∞æ‡∞Ø‡∞ø https://t.co/V77YARCjbk
280,"‡∞é‡∞ï‡∞æ‡∞®‡∞Æ‡±Ä ‡∞ï‡±ç‡∞≤‡∞æ‡∞∏‡±ç ‡∞ü‡∞ø‡∞ï‡±ç‡∞ï‡±Ü‡∞ü‡±ç ‡∞ï‡±ä‡∞®‡∞ø.. ‡∞¨‡∞ø‡∞ú‡∞ø‡∞®‡±Ü‡∞∏‡±ç ‡∞ï‡±ç‡∞≤‡∞æ‡∞∏‡±ç‚Äå‡∞≤‡±ã ‡∞ï‡±Ç‡∞∞‡±ç‡∞ö‡±Å‡∞®‡∞ø..
#Vistara #mumbai #TeluguNews 
https://t.co/arYRa5DYM6"
281,"‡∞Ö‡∞™‡±ç‡∞™‡±Å‡∞°‡±Å ‚Äò‡∞Æ‡∞æ‡∞∏‡±ç‡∞ü‡∞∞‡±ç‚Äå‚Äô.. ‡∞á‡∞™‡±ç‡∞™‡±Å‡∞°‡±Å ‡∞ó‡±ç‡∞Ø‡∞æ‡∞Ç‡∞ó‡±ç‚Äå‡∞∏‡±ç‡∞ü‡∞∞‡±ç‚Äå!
https://t.co/3et8iIdj6v
#Thalapathy67 #AnirudRavichandran #Vijay"
282,"‡∞∏‡∞∞‡∞ø‡∞ï‡±ä‡∞§‡±ç‡∞§ ‡∞∞‡∞ø‡∞ï‡∞æ‡∞∞‡±ç‡∞°‡±Å ‡∞∏‡±É‡∞∑‡±ç‡∞ü‡∞ø‡∞Ç‡∞ö‡∞°‡∞Ç ‡∞ñ‡∞æ‡∞Ø‡∞Ç ‡∞Ö‡∞®‡±Å‡∞ï‡±Å‡∞®‡±ç‡∞® ‡∞¨‡∞Ç‡∞ó‡∞æ‡∞∞‡∞Ç ‡∞ß‡∞∞ ‡∞á‡∞µ‡∞æ‡∞≥ ‡∞ï‡∞æ‡∞∏‡±ç‡∞§ ‡∞§‡∞ó‡±ç‡∞ó‡∞ø‡∞Ç‡∞¶‡∞ø.

#goldpricetoday #goldrates

https://t.co/YsBj6z7bBM"
283,"Megastar Chiranjeevi : ‡∞§‡∞æ‡∞∞‡∞ï‡∞∞‡∞§‡±ç‡∞® ‡∞Ü‡∞∞‡±ã‡∞ó‡±ç‡∞Ø‡∞Ç ‡∞ó‡±Å‡∞∞‡∞ø‡∞Ç‡∞ö‡∞ø ‡∞∏‡±ç‡∞™‡∞Ç‡∞¶‡∞ø‡∞Ç‡∞ö‡∞ø‡∞® ‡∞Æ‡±Ü‡∞ó‡∞æ‡∞∏‡±ç‡∞ü‡∞æ‡∞∞‡±ç ‡∞ö‡∞ø‡∞∞‡∞Ç‡∞ú‡±Ä‡∞µ‡∞ø.. ‡∞µ‡±à‡∞∞‡∞≤‡±ç ‡∞ó‡∞æ ‡∞Æ‡∞æ‡∞∞‡∞ø‡∞® ‡∞é‡∞Æ‡±ã‡∞∑‡∞®‡∞≤‡±ç ‡∞™‡±ã‡∞∏‡±ç‡∞ü‡±ç !?

 https://t.co/MJ7QL4bmKI 

#MegastarChiranjeevi #nandamuritarakaratna #socialmediapost #tarakaratna #tarakaratnahealthupdate #Prime9News"
284,"Big Breaking : ‡∞∏‡±Ä‡∞é‡∞Ç ‡∞ú‡∞ó‡∞®‡±ç‚Äå‡∞ï‡±Å ‡∞§‡∞™‡±ç‡∞™‡∞ø‡∞® ‡∞™‡±ç‡∞∞‡∞Æ‡∞æ‡∞¶‡∞Ç.. ‡∞µ‡∞ø‡∞Æ‡∞æ‡∞®‡∞Ç ‡∞Ö‡∞§‡±ç‡∞Ø‡∞µ‡∞∏‡∞∞ ‡∞≤‡±ç‡∞Ø‡∞æ‡∞Ç‡∞°‡∞ø‡∞Ç‡∞ó‡±ç | Latest Updates | hmtv

https://t.co/0NC1wu9iPo

#cmjagan #apnews #hmtv"
285,"Taraka Ratna: ‡∞®‡∞Ç‡∞¶‡∞Æ‡±Ç‡∞∞‡∞ø ‡∞Ö‡∞≠‡∞ø‡∞Æ‡∞æ‡∞®‡±Å‡∞≤‡∞ï‡±Å ‡∞ä‡∞∞‡∞ü‡∞®‡∞ø‡∞ö‡±ç‡∞ö‡∞ø‡∞® ‡∞ö‡∞ø‡∞∞‡∞Ç‡∞ú‡±Ä‡∞µ‡∞ø ‡∞ü‡±ç‡∞µ‡±Ä‡∞ü‡±ç..
#TarakaRatna #TarakaratnaHealthUpdate #TarakaRatnaHealthCondition #Chiranjeevi 
https://t.co/fX616fIqZ7"
286,"‡∞ï‡∞®‡±ç‡∞® ‡∞ï‡±Ç‡∞§‡±Å‡∞∞‡∞ø‡∞™‡±à‡∞®‡±á ‡∞ï‡∞æ‡∞Æ‡∞Ç‡∞§‡±ã ‡∞¨‡∞∞‡∞ø‡∞§‡±Ü‡∞ó‡∞ø‡∞Ç‡∞ö‡∞ø‡∞® ‡∞§‡∞Ç‡∞°‡±ç‡∞∞‡∞ø
#kerala #POSCO #TeluguNews 
 https://t.co/vWeeXLxKfa"
287,"Ycp MLA Kotamreddy : ‡∞Æ‡±Ç‡∞°‡±Å ‡∞§‡∞∞‡∞æ‡∞≤‡±Å‡∞ó‡∞æ ‡∞µ‡±à‡∞é‡∞∏‡±ç ‡∞ï‡±Å‡∞ü‡±Å‡∞Ç‡∞¨‡∞æ‡∞®‡∞ø‡∞ï‡∞ø ‡∞∏‡±á‡∞µ ‡∞ö‡±á‡∞∏‡±ç‡∞§‡±Å‡∞®‡±ç‡∞®.. ‡∞ö‡∞ø‡∞µ‡∞∞‡∞ø‡∞ï‡∞ø ‡∞®‡∞æ ‡∞´‡±ã‡∞®‡±ç ‡∞ü‡±ç‡∞Ø‡∞æ‡∞™‡±ç ‡∞ö‡±á‡∞∏‡±ç‡∞§‡±Å‡∞®‡±ç‡∞®‡∞æ‡∞∞‡±Å : ‡∞µ‡±à‡∞ï‡∞æ‡∞™‡∞æ ‡∞é‡∞Æ‡±ç‡∞Æ‡±Ü‡∞≤‡±ç‡∞Ø‡±á ‡∞ï‡±ã‡∞ü‡∞Ç‡∞∞‡±Ü‡∞°‡±ç‡∞°‡∞ø ‡∞∂‡±ç‡∞∞‡±Ä‡∞ß‡∞∞‡±ç‚Äå‡∞∞‡±Ü‡∞°‡±ç‡∞°‡∞ø? 

https://t.co/ECGaFMV8HY 

#APPolitics #latestappolitics #mlakotamreddysridharreddy #ysrcpgovernment #Prime9news"
288,"‡∞è‡∞°‡±á‡∞≥‡±ç‡∞≤ ‡∞§‡∞∞‡±ç‡∞µ‡∞æ‡∞§ ‡∞ï‡±É‡∞§‡±Ä, ‡∞¶‡∞ø‡∞∂‡∞æ.. ‡∞Æ‡±Ç‡∞°‡±á‡∞≥‡±ç‡∞≤ ‡∞§‡∞∞‡±ç‡∞µ‡∞æ‡∞§ ‡∞ï‡∞ø‡∞Ø‡∞∞‡∞æ, ‡∞é‡∞Ç‡∞¶‡±Å‡∞ï‡±Ä ‡∞ó‡±ç‡∞Ø‡∞æ‡∞™‡±ç‚Äå?
https://t.co/Ss3YsSRFYe
#kritisanon #kiaraadvani #AnushkaShetty"
289,"‡∞ö‡±Ü‡∞∞‡±ç‡∞µ‡±Å‡∞ó‡∞ü‡±ç‡∞ü‡±Å: ‡∞ò‡∞®‡∞Ç‡∞ó‡∞æ ‡∞Ö‡∞ó‡±ç‡∞®‡∞ø‡∞ó‡±Å‡∞Ç‡∞°‡∞æ‡∞≤‡±Å.. ‡∞§‡±ä‡∞ï‡±ç‡∞ï‡∞ø‡∞∏‡∞≤‡∞æ‡∞ü‡∞§‡±ã ‡∞≠‡∞ï‡±ç‡∞§‡±Å‡∞≤ ‡∞á‡∞¨‡±ç‡∞¨‡∞Ç‡∞¶‡±Å‡∞≤‡±Å | Vidhaatha | Latest Telugu News
https://t.co/3qA6mjFJsW"
290,"‡∞¨‡∞°‡±ç‡∞ú‡±Ü‡∞ü‡±ç ‡∞Æ‡±Å‡∞Ç‡∞¶‡±Å ‡∞Æ‡∞≥‡±ç‡∞≥‡±Ä ‡∞≠‡∞ó‡±ç‡∞ó‡±Å‡∞Æ‡∞Ç‡∞ü‡±Å‡∞®‡±ç‡∞® ‡∞ï‡±ç‡∞∞‡±Ç‡∞°‡∞æ‡∞Ø‡∞ø‡∞≤‡±ç.. ‡∞®‡±á‡∞°‡±Å ‡∞™‡±ç‡∞∞‡∞Æ‡±Å‡∞ñ ‡∞®‡∞ó‡∞∞‡∞æ‡∞≤‡∞≤‡±ã ‡∞™‡±Ü‡∞ü‡±ç‡∞∞‡±ã‡∞≤‡±ç-‡∞°‡±Ä‡∞ú‡∞ø‡∞≤‡±ç ‡∞ß‡∞∞‡∞≤‡±Å ‡∞á‡∞µ‡±á..
#PetrolDieselPrice  #petrolprices  #Petrol  #fuelrates  #crudeoilprices 
https://t.co/h5F87BEjrx"
291,"‡∞§‡±ä‡∞≤‡∞ø‡∞∞‡±ã‡∞ú‡±Å‡∞§‡±ã ‡∞™‡±ã‡∞≤‡∞ø‡∞∏‡±ç‡∞§‡±á ‡∞á‡∞™‡±ç‡∞™‡±Å‡∞°‡±Å ‡∞Ü‡∞Ø‡∞® ‡∞Ü‡∞∞‡±ã‡∞ó‡±ç‡∞Ø ‡∞™‡∞∞‡∞ø‡∞∏‡±ç‡∞•‡∞ø‡∞§‡∞ø ‡∞ï‡∞æ‡∞∏‡±ç‡∞§ ‡∞Æ‡±Ü‡∞∞‡±Å‡∞ó‡±Å‡∞™‡∞°‡∞ø‡∞®‡±ç‡∞®‡∞ü‡±ç‡∞≤‡±Å ‡∞µ‡±à‡∞¶‡±ç‡∞Ø‡±Å‡∞≤‡±Å ‡∞§‡±Ü‡∞≤‡∞ø‡∞™‡∞æ‡∞∞‡±Å ‡∞ï‡∞æ‡∞®‡±Ä ‡∞á‡∞Ç‡∞ï‡∞æ ‡∞™‡∞∞‡∞ø‡∞∏‡±ç‡∞•‡∞ø‡∞§‡∞ø ‡∞µ‡∞ø‡∞∑‡∞Æ‡∞Ç‡∞ó‡∞æ‡∞®‡±á ‡∞â‡∞Ç‡∞¶‡∞ø. 

#TarakaRatna https://t.co/rzZIrV6XqR"
292,"‡∞á‡∞Ç‡∞ï‡∞æ ‡∞µ‡∞ø‡∞∑‡∞Æ‡∞Ç‡∞ó‡∞æ‡∞®‡±á ‡∞§‡∞æ‡∞∞‡∞ï‡∞∞‡∞§‡±ç‡∞® ‡∞Ü‡∞∞‡±ã‡∞ó‡±ç‡∞Ø‡∞Ç
#TarakaRatna #LatestHealthBulletinReleased #BangaloreHospital
https://t.co/6QbR1PGCNX"
293,"‡∞§‡∞æ‡∞∞‡∞ï‡∞∞‡∞§‡±ç‡∞® ‡∞Ü‡∞∞‡±ã‡∞ó‡±ç‡∞Ø‡∞Ç‡∞™‡±à ‡∞§‡∞æ‡∞ú‡∞æ ‡∞π‡±Ü‡∞≤‡±ç‡∞§‡±ç‚Äå ‡∞¨‡±Å‡∞≤‡±Ü‡∞ü‡∞ø‡∞®‡±ç‚Äå ‡∞µ‡∞ø‡∞°‡±Å‡∞¶‡∞≤.. ‡∞µ‡±à‡∞¶‡±ç‡∞Ø‡±Å‡∞≤‡±Å ‡∞è‡∞Ç ‡∞ö‡±Ü‡∞¨‡±Å‡∞§‡±Å‡∞®‡±ç‡∞®‡∞æ‡∞∞‡∞Ç‡∞ü‡±á? - Tarakarathna   #banglore #TarakaRatna #Tarakarathna #Tollywood #TeluguMovie #TeluguCinema #Telugu #TeluguStop

https://t.co/1AccQQAWxL"
294,"‡∞∏‡∞Æ‡∞Ç‡∞§‡∞ï‡±Å ‡∞Ö‡∞Ç‡∞°‡∞ó‡∞æ ‡∞¶‡∞∞‡±ç‡∞∂‡∞ï‡±Å‡∞°‡±Å - ‡∞Ö‡∞µ‡∞®‡±ç‡∞®‡±Ä ‡∞™‡±Å‡∞ï‡∞æ‡∞∞‡±ç‡∞≤‡±á
#Samantha #MoviesNews

https://t.co/ydmENJdIfw"
295,"‡∞≤‡∞ø‡∞Ç‡∞ó‡∞Æ‡∞æ‡∞∞‡±ç‡∞™‡∞ø‡∞°‡∞ø‡∞§‡±ã ‡∞Ö‡∞Æ‡±ç‡∞Æ‡∞æ‡∞Ø‡∞ø‡∞ó‡∞æ ‡∞Æ‡∞æ‡∞∞‡∞ø‡∞® ‡∞Ö‡∞¨‡±ç‡∞¨‡∞æ‡∞Ø‡∞ø‡∞§‡±ã ‡∞™‡±Ü‡∞≥‡±ç‡∞≤‡∞ø 
#amritsar #marriage #TeluguNews
 https://t.co/36PObHz1F7"
296,"‡∞µ‡∞ö‡±ç‡∞ö‡±á ‡∞µ‡∞æ‡∞∞‡∞Ç ‡∞°‡∞æ‡∞ï‡±ç‡∞Ø‡±Å‡∞Æ‡±Ü‡∞Ç‡∞ü‡∞∞‡±Ä ‡∞®‡∞ø‡∞∑‡±á‡∞ß‡∞Ç‡∞™‡±à ‡∞µ‡∞ø‡∞ö‡∞æ‡∞∞‡∞£.. ‡∞ï‡±á‡∞Ç‡∞¶‡±ç‡∞∞ ‡∞Æ‡∞Ç‡∞§‡±ç‡∞∞‡∞ø ‡∞Ö‡∞∏‡∞π‡∞®‡∞Ç
#BBCDocumentary #SupremeCourt #TeluguNews 
https://t.co/QkAUF8q7fx"
297,"Daily Horoscope : ‡∞®‡±á‡∞°‡±Å ‡∞à ‡∞∞‡∞æ‡∞∂‡±Å‡∞≤ ‡∞µ‡∞æ‡∞∞‡∞ø ‡∞ú‡±Ä‡∞µ‡∞ø‡∞§‡∞Ç‡∞≤‡±ã ‡∞í‡∞ï ‡∞∂‡±Å‡∞≠ ‡∞™‡∞∞‡∞ø‡∞£‡∞æ‡∞Æ‡∞Ç ‡∞ú‡∞∞‡∞ó‡∞®‡±Å‡∞Ç‡∞¶‡∞®‡∞ø ‡∞§‡±Ü‡∞≤‡±Å‡∞∏‡∞æ..?

#bhaktinews #DailyHoroscope #DevotionalNews #latestdevotionalnews

Reead More&gt;&gt; https://t.co/NFv8WDaOtX"
298,"‡∞§‡±Ü‡∞≤‡∞Ç‡∞ó‡∞æ‡∞£: ‡∞π‡±à‡∞¶‡∞∞‡∞æ‡∞¨‡∞æ‡∞¶‡±ç‚Äå ‡∞∏‡∞π‡∞æ ‡∞™‡∞≤‡±Å ‡∞ú‡∞ø‡∞≤‡±ç‡∞≤‡∞æ‡∞≤‡±ç‡∞≤‡±ã ‡∞ê‡∞ü‡±Ä ‡∞∏‡±ã‡∞¶‡∞æ‡∞≤‡±Å
https://t.co/KBIaJFWQA0
#IncomeTaxRaids"
299,"‡∞¶‡∞æ‡∞ó‡±Å‡∞°‡±Å ‡∞Æ‡±Ç‡∞§‚Äå‡∞≤‡∞æ‡∞ü‚Äå.. ‡∞è‡∞ï‡∞Ç‡∞ó‡∞æ ‡∞¶‡±á‡∞∂‡∞Ç ‡∞¶‡∞æ‡∞ü‡∞ø ‡∞µ‡±Ü‡∞≥‡±ç‡∞≤‡∞ø‡∞™‡±ã‡∞Ø‡∞ø‡∞® ‡∞¨‡∞æ‡∞≤‡±Å‡∞°‡±Å | Vidhaatha | Latest Telugu News
https://t.co/ZrCRBgpa63"
300,‡∞§‡∞æ‡∞∞‚Äå‡∞ï‚Äå‡∞∞‚Äå‡∞§‡±ç‡∞® ‡∞Ü‡∞∞‡±ã‡∞ó‡±ç‡∞Ø ‡∞™‚Äå‡∞∞‡∞ø‡∞∏‡±ç‡∞•‡∞ø‡∞§‡∞ø‡∞™‡±à ‡∞§‡∞æ‡∞ú‡∞æ ‡∞¨‡±Å‡∞≤‡±Ü‡∞ü‡±Ü‡∞®‡±ç ‡∞µ‡∞ø‡∞°‡±Å‡∞¶‚Äå‡∞≤‚Äå #TarakaRatna #NarayanaHrudayalayahospital #TarakaRatnaHealthBulletin https://t.co/qsjuoEl1SU
301,"‡∞ö‡±à‡∞®‡∞æ ‡∞ö‡±ä‡∞∞‡∞¨‡∞æ‡∞ü‡±ç‡∞≤‡∞®‡±Å ‡∞™‡±ç‡∞∞‡∞ß‡∞æ‡∞®‡∞Ç‡∞ó‡∞æ ‡∞≤‡±á‡∞µ‡∞®‡±Ü‡∞§‡±ç‡∞§‡∞ø ‡∞á‡∞∞‡±Å‡∞ï‡±Å‡∞®‡∞™‡±Ü‡∞ü‡±ç‡∞ü‡±á ‡∞µ‡±ç‡∞Ø‡±Ç‡∞π‡∞Ç‡∞≤‡±ã ‡∞™‡±ç‡∞∞‡∞§‡∞ø‡∞™‡∞ï‡±ç‡∞∑‡∞æ‡∞≤‡±Å
#Parliament #budget #TeluguNews https://t.co/KWYQuusDHM"
302,"‡∞∂‡±ç‡∞∞‡±Ä‡∞ö‡∞ï‡±ç‡∞∞‡∞æ‡∞®‡±ç‡∞®‡∞ø ‡∞á‡∞Ç‡∞ü‡±ç‡∞≤‡±ã ‡∞™‡±Ü‡∞ü‡±ç‡∞ü‡±Å‡∞ï‡±ã‡∞µ‡∞ö‡±ç‡∞ö‡∞æ‚Ä¶‚Ä¶
#Srichakra #Devotion #TeluguNews #bigtv

https://t.co/24XZyPxqdP"
303,"Relationship Tips for Men : ‡∞§‡∞Æ‡∞ï‡∞®‡±ç‡∞®‡∞æ ‡∞™‡±Ü‡∞¶‡±ç‡∞¶‡∞µ‡∞æ‡∞∞‡±à‡∞®‡∞æ ‡∞Ö‡∞Æ‡±ç‡∞Æ‡∞æ‡∞Ø‡∞ø‡∞≤‡∞§‡±ã ‡∞Ö‡∞¨‡±ç‡∞¨‡∞æ‡∞Ø‡∞ø‡∞≤‡±Å ‡∞é‡∞Ç‡∞¶‡±Å‡∞ï‡±Å ‡∞™‡±ç‡∞∞‡±á‡∞Æ‡∞≤‡±ã ‡∞™‡∞°‡∞§‡∞æ‡∞∞‡±ã ‡∞§‡±Ü‡∞≤‡±Å‡∞∏‡∞æ..!?

#Adani #AnushkaSharma #BenefitsofLoveRelationships #FireStormIsComing #Howtomaintainhealthyrelation #MahatmaGandhi #Pataan #PathaanMovieCOllections

https://t.co/9f6jJOrcGV https://t.co/f6cwt2cxtu"
304,"‡∞Æ‡∞Ç‡∞ö‡∞Ç ‡∞ï‡±ã‡∞∏‡∞Ç ‡∞Ü‡∞≤‡±Å‡∞Æ‚Äå‡∞ó‚Äå‡∞≤ ‡∞Æ‚Äå‡∞ß‡±ç‡∞Ø ‡∞´‡±à‡∞ü‡∞ø‡∞Ç‡∞ó‡±ç.. ‡∞™‡±ã‡∞≤‡±Ä‡∞∏‡±Å‡∞≤‚Äå‡∞ï‡±Å ‡∞´‡∞ø‡∞∞‡±ç‡∞Ø‡∞æ‡∞¶‡±Å | Vidhaatha | Latest Telugu News
https://t.co/yl9OE6clWn"
305,"‡∞≠‡∞æ‡∞∞‡±Ä ‡∞é‡∞§‡±ç‡∞§‡±Å‡∞® ‡∞µ‡±á‡∞°‡±Å‡∞ï ‡∞®‡∞ø‡∞∞‡±ç‡∞µ‡∞π‡∞ø‡∞Ç‡∞ö‡∞ø.. ‡∞®‡∞ó‡∞¶‡±Å ‡∞ï‡∞ü‡±ç‡∞ü‡∞≤‡∞®‡±Å ‡∞µ‡±á‡∞¶‡∞ø‡∞ï‡∞™‡±à ‡∞™‡±á‡∞∞‡±ç‡∞ö‡∞ø‡∞® ‡∞∏‡∞Ç‡∞∏‡±ç‡∞•
#bonus #China #TeluguNews 
https://t.co/Aqh7jQSVFl"
306,"‡∞®‡∞ø‡∞§‡±ç‡∞Ø‡∞Ç ‡∞á‡∞Ç‡∞ü‡±ç‡∞≤‡±ã ‡∞Ö‡∞ó‡∞∞‡∞¨‡∞§‡±ç‡∞§‡∞ø‡∞≤‡±Å ‡∞µ‡±Ü‡∞≤‡∞ø‡∞ó‡∞ø‡∞∏‡±ç‡∞§‡±á‚Ä¶

@bigtv_live / #Devotion #TeluguNews 
https://t.co/DH1jtHivKa"
307,‡∞∏‡±ç‡∞•‡∞ø‡∞∞‡∞Ç‡∞ó‡∞æ ‡∞™‡∞∏‡∞ø‡∞°‡∞ø ‡∞ß‡∞∞‡∞≤‡±Å.. ‡∞π‡±à‡∞¶‡∞∞‡∞æ‡∞¨‡∞æ‡∞¶‡±ç‚Äã‡∞≤‡±ã ‡∞é‡∞Ç‡∞§‡∞Ç‡∞ü‡±á! #gold #goldprice #goldrates #silverprice https://t.co/7SRkVPTm9q
308,"‡∞Ü‡∞∞‡±ç‡∞ü‡±Ä‡∞∏‡±Ä‡∞ï‡∞ø ‡∞∏‡∞æ‡∞Ç‡∞ï‡±á‡∞§‡∞ø‡∞ï ‡∞∏‡±ä‡∞¨‡∞ó‡±Å‡∞≤‡±Å
https://t.co/8eL0IQVeG0"
309,"Taraka Ratna Health Update: ‡∞™‡∞∞‡∞ø‡∞∏‡±ç‡∞•‡∞ø‡∞§‡∞ø ‡∞µ‡∞ø‡∞∑‡∞Æ‡∞Æ‡±á.. ‡∞®‡∞æ‡∞∞‡∞æ‡∞Ø‡∞£ ‡∞π‡±É‡∞¶‡∞Ø‡∞æ‡∞≤‡∞Ø ‡∞≤‡±á‡∞ü‡±Ü‡∞∏‡±ç‡∞ü‡±ç ‡∞π‡±Ü‡∞≤‡±ç‡∞§‡±ç ‡∞¨‡±Å‡∞≤‡∞ø‡∞ü‡±Ü‡∞®‡±ç
#TarakaRatna #TarakaratnaHealthUpdate #TarakaRatnaNandamuri 
https://t.co/hTS6cAxevq"
310,"‡∞ö‡±á‡∞§‡∞ø‡∞≤‡±ã ‡∞∞‡±ã‡∞ú‡∞æ‡∞§‡±ã ‡∞¨‡±á‡∞¨‡∞Æ‡±ç‡∞Æ..! -   #bebamma #Krithi #KrithiShetty #KrithiShetty #NagaChaitanya #Uppena #Telugu #TeluguStop

https://t.co/Lo2P3H3U3b"
311,"‡∞≤‡±á‡∞ü‡±Ü‡∞∏‡±ç‡∞ü‡±ç : ‡∞§‡∞æ‡∞∞‡∞ï‡∞∞‡∞§‡±ç‡∞® ‡∞π‡±Ü‡∞≤‡±ç‡∞§‡±ç ‡∞¨‡±Å‡∞≤‡±Ü‡∞ü‡∞ø‡∞®‡±ç ‡∞µ‡∞ø‡∞°‡±Å‡∞¶‡∞≤

https://t.co/bw11dJf2xU

#TarakaRatna #Balakrishna #TarakaratnaHealthUpdate #123telugu"
312,"‡∞µ‡∞∞‡±ç‡∞∑‡∞Ç‡∞≤‡∞æ ‡∞ï‡±Å‡∞∞‡±Å‡∞∏‡±ç‡∞§‡±Å‡∞®‡±ç‡∞® ‡∞π‡∞ø‡∞Æ‡∞™‡∞æ‡∞§‡∞Ç.. ‡∞ï‡±á‡∞¶‡∞æ‡∞∞‡±ç‚Äå‡∞®‡∞æ‡∞•‡±ç ‡∞Ü‡∞≤‡∞Ø‡∞Ç‡∞™‡±à ‡∞Æ‡∞Ç‡∞ö‡±Å ‡∞¶‡±Å‡∞™‡±ç‡∞™‡∞ü‡∞ø
#Kedarnath #Snowfall #Uttarakhand 
https://t.co/DJk4Qj4ue8"
313,"Nabha Natesh: ‡∞ï‡±Å‡∞∞‡±ç‡∞∞‡∞ï‡∞æ‡∞∞‡±Å ‡∞Æ‡∞¶‡∞ø ‡∞¶‡±ã‡∞∏‡±ç‡∞§‡±Å‡∞®‡±ç‡∞® ‡∞®‡∞≠‡∞æ ‡∞®‡∞ü‡±á‡∞∑‡±ç ‡∞≤‡±á‡∞ü‡±Ü‡∞∏‡±ç‡∞ü‡±ç ‡∞π‡∞æ‡∞ü‡±ç ‡∞™‡∞ø‡∞ï‡±ç‡∞∏‡±ç..¬†

#Adani #Announcement #FireStormIsComing #HeisComing #LokeshKanakaraj #Loki #Nabhahotpics #Nabhalatestmoviesupdate #NabhaNatesh #NabhaNateshlatestpics #NabhaNateshmovielist

https://t.co/M8P3wN3DZr https://t.co/HCAoikGgPV"
314,"TarakaRatna : ‡∞§‡∞æ‡∞∞‡∞ï‡∞∞‡∞§‡±ç‡∞® ‡∞§‡∞æ‡∞ú‡∞æ ‡∞π‡±Ü‡∞≤‡±ç‡∞§‡±ç ‡∞¨‡±Å‡∞≤‡±Ü‡∞ü‡∞ø‡∞®‡±ç ‡∞µ‡∞ø‡∞°‡±Å‡∞¶‡∞≤.. ‡∞°‡∞æ‡∞ï‡±ç‡∞ü‡∞∞‡±ç‡∞≤‡±Å ‡∞à‡∞∏‡∞æ‡∞∞‡∞ø ‡∞è‡∞Ç ‡∞ö‡±Ü‡∞™‡±ç‡∞™‡∞æ‡∞∞‡∞Ç‡∞ü‡±á..
https://t.co/LDehk4Fn8D

#TarakaRatna #Doctors #TarakaRatnaHospitalized #TarakaratnaHeartAttack #TarakaRatnaHealthCondition #TarakaratnaHealth #Andhrajyothy"
315,"YS Jagan : ‡∞π‡±Ä‡∞∞‡±ã ‡∞ü‡±Ç ‡∞ú‡±Ä‡∞∞‡±ã.. ‡∞∏‡∞∞‡±ç‡∞µ‡±á ‡∞∞‡∞ø‡∞™‡±ã‡∞∞‡±ç‡∞ü‡±ç ‡∞á‡∞¶‡±á..!!

#Janasena #PawanKalyan #YSJagan #Ysrcp

https://t.co/McEGsFQmWf"
316,"‡∞∏‡∞ø‡∞®‡±Ä ‡∞ó‡±ç‡∞≤‡∞æ‡∞Æ‡∞∞‡±ç ‡∞´‡±Ä‡∞≤‡±ç‡∞°‡±ç ‡∞≤‡±ã ‡∞∏‡±Ü‡∞≤‡∞¨‡±ç‡∞∞‡∞ø‡∞ü‡±Ä‡∞≤ ‡∞ï‡±ä‡∞°‡±Å‡∞ï‡±Å‡∞≤‡±Å, ‡∞ï‡±Ç‡∞§‡±Å‡∞≥‡±ç‡∞≤‡±Å ‡∞é‡∞Ç‡∞ü‡±ç‡∞∞‡±Ä ‡∞á‡∞µ‡±ç‡∞µ‡∞°‡∞Ç ‡∞∏‡∞∞‡±ç‡∞µ‡∞∏‡∞æ‡∞ß‡∞æ‡∞∞‡∞£‡∞Æ‡±á..!
#Shivathmika #ShivathmikaRajashekar  #actresslife #stunning_shots #Stunningpics #viral #FilmiBeatTelugu 

https://t.co/S7brpKAGx4"
317,"#SitaraGhattamaneni : ‚Äú‡∞Ö‡∞§‡∞°‡±Å‚Äù ‡∞∏‡∞ø‡∞®‡∞ø‡∞Æ‡∞æ ‡∞∏‡∞æ‡∞Ç‡∞ó‡±ç ‡∞ï‡∞ø ‡∞Æ‡∞π‡±á‡∞∑‡±ç ‡∞¨‡∞æ‡∞¨‡±Å ‡∞ï‡±Ç‡∞§‡±Å‡∞∞‡±Å ‡∞∏‡∞ø‡∞§‡∞æ‡∞∞ ‡∞Ö‡∞¶‡∞ø‡∞∞‡∞ø‡∞™‡±ã‡∞Ø‡±á ‡∞∏‡±ç‡∞ü‡±Ü‡∞™‡±ç‡∞™‡±Å‡∞≤‡±Å.. ‡∞µ‡±Ä‡∞°‡∞ø‡∞Ø‡±ã ‡∞µ‡±à‡∞∞‡∞≤‡±ç..!!
#Sitara #Ghattamaneni #Theindiatodaynews #tollywood 

https://t.co/BNhW1JKQu9"
318,"‡∞¶‡∞≥‡∞™‡∞§‡∞ø 67 ‡∞™‡±à ‡∞≤‡±á‡∞ü‡±Ü‡∞∏‡±ç‡∞ü‡±ç ‡∞Ö‡∞™‡±ç‡∞°‡±á‡∞ü‡±ç

https://t.co/2lL8V8yPkD

#Thalapathy67Update #Thalapathy67 #ThalapathyVijay 
#Thalapathy @actorvijay #VIjay #LokeshKanakaraj @Dir_Lokesh #123telugu"
319,"‡∞á‡∞Ç‡∞ï‡∞æ ‡∞µ‡∞ø‡∞∑‡∞Æ‡∞Ç‡∞ó‡∞æ‡∞®‡±á ‡∞§‡∞æ‡∞∞‡∞ï ‡∞∞‡∞§‡±ç‡∞® ‡∞Ü‡∞∞‡±ã‡∞ó‡±ç‡∞Ø‡∞Ç.. ‡∞§‡∞æ‡∞ú‡∞æ ‡∞π‡±Ü‡∞≤‡±ç‡∞§‡±ç‚Äå ‡∞¨‡±Å‡∞≤‡±Ü‡∞ü‡∞ø‡∞®‡±ç‚Äå ‡∞µ‡∞ø‡∞°‡±Å‡∞¶‡∞≤ ‡∞ö‡±á‡∞∏‡∞ø‡∞® ‡∞µ‡±à‡∞¶‡±ç‡∞Ø‡±Å‡∞≤‡±Å.

#TarakaratnaHealthUpdate #TarakaRatnaNandamuri 

https://t.co/AUgffW7Tbr"
320,‡∞¨‡∞ø‡∞ó‡±ç‡∞ó‡±Ü‡∞∏‡±ç‡∞ü‡±ç ‡∞Æ‡∞≤‡±ç‡∞ü‡∞ø ‡∞∏‡±ç‡∞ü‡∞æ‡∞∞‡∞∞‡±ç ‡∞ö‡∞ø‡∞§‡±ç‡∞∞‡∞Ç‡∞≤‡±ã ‡∞¨‡∞ø‡∞ó‡±ç ‡∞ü‡±ç‡∞µ‡∞ø‡∞∏‡±ç‡∞ü‡±ç..! https://t.co/TMbR9qt1qv https://t.co/9XdXHqpwj6
321,"‚òÖ Latest Update !

‡∞ï‡∞æ‡∞∏‡±á‡∞™‡∞ü‡±ç‡∞≤‡±ã ‡∞¢‡∞ø‡∞≤‡±ç‡∞≤‡±Ä‡∞ï‡∞ø ‡∞∏‡∞ø‡∞é‡∞Ç ‡∞ú‡∞ó‡∞®‡±ç

‡∞à ‡∞∞‡∞æ‡∞§‡±ç‡∞∞‡∞ø 9:30 ‡∞®‡∞ø‡∞Æ‡∞ø‡∞∑‡∞æ‡∞≤‡∞ï‡±Å ‡∞Æ‡∞∞‡±ã ‡∞µ‡∞ø‡∞Æ‡∞æ‡∞®‡∞Ç‡∞≤‡±ã ‡∞¢‡∞ø‡∞≤‡±ç‡∞≤‡±Ä ‡∞µ‡±Ü‡∞≥‡±ç‡∞≤‡∞®‡±Å‡∞®‡±ç‡∞® ‡∞∏‡±Ä‡∞é‡∞Ç ‡∞ú‡∞ó‡∞®‡±ç https://t.co/J6Kx84b79P"
322,"‡∞≤‡±á‡∞ü‡±Ü‡∞∏‡±ç‡∞ü‡±ç : ‡∞§‡∞æ‡∞∞‡∞ï‡∞∞‡∞§‡±ç‡∞® ‡∞Ü‡∞∞‡±ã‡∞ó‡±ç‡∞Ø‡∞Ç ‡∞™‡±à ‡∞Ö‡∞™‡±ç ‡∞°‡±á‡∞ü‡±ç ‡∞Ö‡∞Ç‡∞¶‡∞ø‡∞Ç‡∞ö‡∞ø‡∞® ‡∞®‡∞Ç‡∞¶‡∞Æ‡±Ç‡∞∞‡∞ø ‡∞∞‡∞æ‡∞Æ‡∞ï‡±É‡∞∑‡±ç‡∞£

https://t.co/ecsElUZmxl

#TarakaRatna #Balakrishna #123telugu"
323,"‡∞é‡∞Ç‡∞™‡±Ä ‡∞ß‡∞∞‡±ç‡∞Æ‡∞™‡±Å‡∞∞‡∞ø ‡∞Ö‡∞∞‡±ç‡∞µ‡∞ø‡∞Ç‡∞¶‡±ç‚Äå‡∞ï‡±Å ‡∞ï‡±á‡∞Ç‡∞¶‡±ç‡∞∞ ‡∞Æ‡∞Ç‡∞§‡±ç‡∞∞‡∞ø‡∞µ‡∞∞‡±ç‡∞ó‡∞Ç‡∞≤‡±ã ‡∞õ‡∞æ‡∞®‡±ç‡∞∏‡±ç ‡∞¶‡∞ï‡±ç‡∞ï‡±á ‡∞Ö‡∞µ‡∞ï‡∞æ‡∞∂‡∞Ç ‡∞â‡∞Ç‡∞¶‡∞æ..?
#UnionCabinet #BJP #Telangana 
https://t.co/uYUOuC2OYd"
324,"‡∞ó‡±Ç‡∞ó‡±Å‡∞≤‡±ç ‡∞ï‡±ä‡∞§‡±ç‡∞§ ‡∞Ö‡∞™‡±ç‡∞°‡±á‡∞ü‡±ç.. ‡∞á‡∞Ç‡∞ï‡∞æ‡∞ó‡±ç‡∞®‡∞ø‡∞ü‡±ã ‡∞ï‡±ã‡∞∏‡∞Ç.. 

#Google #GoogleChrome #googleupdate #bigtvnews
#TeluguNews 

https://t.co/RRK1Oliun2"
325,"‡∞¶‡±á‡∞∂‡∞Ç ‡∞ï‡±ã‡∞∏‡∞Æ‡±ã, ‡∞™‡∞æ‡∞∞‡±ç‡∞ü‡±Ä ‡∞ï‡±ã‡∞∏‡∞Æ‡±ã ‡∞ï‡∞æ‡∞¶‡±Å ‡∞µ‡∞æ‡∞∞‡∞ø‡∞ï‡∞ø ‡∞µ‡±ç‡∞Ø‡∞§‡∞ø‡∞∞‡±á‡∞ï‡∞Ç‡∞ó‡∞æ‡∞®‡±á ‡∞ú‡±ã‡∞°‡±ã ‡∞Ø‡∞æ‡∞§‡±ç‡∞∞
#BharatJodoYatra #rahulgandhi #TeluguNews 
 https://t.co/vcA1jv0zp7"
326,"2024 ‡∞ï‡±ã‡∞∏‡∞Ç ‡∞Æ‡∞æ‡∞∞‡±ç‡∞ö‡∞ø 1 ‡∞®‡±Å‡∞Ç‡∞°‡∞ø ‡∞π‡±Ü‡∞ö‡±ç‚Äå-1‡∞¨‡±Ä ‡∞∞‡∞ø‡∞ú‡∞ø‡∞∏‡±ç‡∞ü‡±ç‡∞∞‡±á‡∞∑‡∞®‡±ç‡∞≤‡±Å | Latest Telugu News ... https://t.co/UMpUjzzr0H via @YouTube 
#Telugutimes #H1B #H1bregistration #Latestnews #Telugunewsupdates"
327,"‡∞Ü ‡∞µ‡∞æ‡∞∞‡±ç‡∞§‡∞≤‡±Å ‡∞Ö‡∞µ‡∞æ‡∞∏‡±ç‡∞§‡∞®‡∞Ç.. ‡∞§‡∞æ‡∞∞‡∞ï‡∞∞‡∞§‡±ç‡∞® ‡∞Ü‡∞∞‡±ã‡∞ó‡±ç‡∞Ø ‡∞™‡∞∞‡∞ø‡∞∏‡±ç‡∞•‡∞ø‡∞§‡∞ø‡∞™‡±à ‡∞≤‡±á‡∞ü‡±Ü‡∞∏‡±ç‡∞ü‡±ç ‡∞Ö‡∞™‡±ç‚Äå‡∞°‡±á‡∞ü‡±ç ‡∞á‡∞¶‡±á

#TarakaRatnaNandamuri #TarakaRatna 

https://t.co/seDVGbFUOc"
328,"‡∞™‡±á‡∞≤‡±Å‡∞≥‡±ç‡∞≤‡∞§‡±ã ‡∞¶‡∞¶‡±ç‡∞¶‡∞∞‡∞ø‡∞≤‡±ç‡∞≤‡∞ø‡∞® ‡∞Æ‡∞∏‡±Ä‡∞¶‡±Å.. ‡∞ê‡∞é‡∞∏‡±ç ‡∞â‡∞ó‡±ç‡∞∞‡∞µ‡∞æ‡∞¶‡±Å‡∞≤ ‡∞™‡∞®‡±á‡∞®‡∞æ?
#Pakistan #Peshawar #Blast #TeluguNews 
 https://t.co/g8q5Xdnjr7"
329,"‡∞µ‡±à‡∞ú‡∞æ‡∞ó‡±ç‚Äå ‡∞≤‡±ã ‡∞ú‡∞∞‡∞ø‡∞ó‡∞ø‡∞® ‡∞á‡∞®‡±ç‡∞´‡∞ø‡∞®‡∞ø‡∞ü‡±Ä ‡∞∏‡∞Æ‡±ç‡∞Æ‡∞ø‡∞ü‡±ç‚Äå ‡∞ï‡±Å ‡∞µ‡∞ø‡∞∂‡±á‡∞∑ ‡∞∏‡±ç‡∞™‡∞Ç‡∞¶‡∞® | Latest Telugu New... https://t.co/yRiI5uXg3n via @YouTube 
#Telegram #Vizag  #Infinityvizag #Infinityvizag2023 #Latesttelugunews #Todaynews"
330,"‡∞Ö‡∞Ø‡±ã‡∞ß‡±ç‡∞Ø ‡∞∏‡±Ä‡∞§‡∞æ‡∞∞‡∞æ‡∞Æ‡±Å‡∞≤ ‡∞µ‡∞ø‡∞ó‡±ç‡∞∞‡∞π‡∞æ‡∞≤ ‡∞ï‡±ã‡∞∏‡∞Ç ‡∞®‡±á‡∞™‡∞æ‡∞≤‡±ç ‡∞®‡±Å‡∞Ç‡∞ö‡∞ø ‡∞¨‡∞Ø‡∞≤‡±ç‡∞¶‡±á‡∞∞‡∞ø‡∞® ‡∞∂‡∞ø‡∞≤‡∞≤‡±Å.. ‡∞™‡∞µ‡∞ø‡∞§‡±ç‡∞∞ ‡∞∂‡∞ø‡∞≤‡∞≤‡∞®‡±Å ‡∞§‡∞æ‡∞ï‡∞ø ‡∞™‡∞∞‡∞µ‡∞∂‡∞ø‡∞Ç‡∞ö‡∞ø‡∞™‡±ã‡∞Ø‡∞ø‡∞® ‡∞®‡±á‡∞™‡∞æ‡∞≤‡±ç ‡∞≠‡∞ï‡±ç‡∞§‡±Å‡∞≤‡±Å. ‡∞à ‡∞∞‡∞æ‡∞≥‡±ç‡∞≤‡∞®‡±Å ‡∞á‡∞ï‡±ç‡∞ï‡∞° ‡∞®‡±Å‡∞Ç‡∞ö‡∞ø ‡∞é‡∞Ç‡∞¶‡±Å‡∞ï‡±Å ‡∞§‡±Ä‡∞∏‡±Å‡∞ï‡±ä‡∞∏‡±ç‡∞§‡±Å‡∞®‡±ç‡∞®‡∞æ‡∞∞‡±ã ‡∞§‡±Ü‡∞≤‡±Å‡∞∏‡∞æ?
#Ayodhya #RamTemple #Nepal 
https://t.co/bhfUyFFQiv"
331,"‡∞¨‡∞Ø‡±ã‡∞™‡∞ø‡∞ï‡±ç‚Äå‡∞ó‡∞æ ‡∞∞‡∞æ‡∞®‡±Å‡∞®‡±ç‡∞® ‡∞µ‡±Ü‡∞Ç‡∞°‡∞ø ‡∞§‡±Ü‡∞∞ ‡∞∏‡∞§‡±ç‡∞Ø‡∞≠‡∞æ‡∞Æ ‡∞ú‡±Ä‡∞µ‡∞ø‡∞§ ‡∞ï‡∞•.. ‡∞ú‡∞Æ‡±Å‡∞® ‡∞™‡∞æ‡∞§‡±ç‡∞∞‡∞≤‡±ã ‡∞®‡∞ü‡∞ø‡∞Ç‡∞ö‡±á‡∞¶‡∞ø ‡∞é‡∞µ‡∞∞‡∞Ç‡∞ü‡±á..
#Jamuna #Tamannaah #Biopic
https://t.co/bc6z7Rv68S"
332,"‡∞¨‡∞Ø‡±ã‡∞™‡∞ø‡∞ï‡±ç‚Äå‡∞ó‡∞æ ‡∞∞‡∞æ‡∞®‡±Å‡∞®‡±ç‡∞® ‡∞µ‡±Ü‡∞Ç‡∞°‡∞ø ‡∞§‡±Ü‡∞∞ ‡∞∏‡∞§‡±ç‡∞Ø‡∞≠‡∞æ‡∞Æ ‡∞ú‡±Ä‡∞µ‡∞ø‡∞§ ‡∞ï‡∞•.. ‡∞ú‡∞Æ‡±Å‡∞® ‡∞™‡∞æ‡∞§‡±ç‡∞∞‡∞≤‡±ã ‡∞®‡∞ü‡∞ø‡∞Ç‡∞ö‡±á‡∞¶‡∞ø ‡∞é‡∞µ‡∞∞‡∞Ç‡∞ü‡±á..

#Jamuna #EntertainmentNews 

https://t.co/bc6z7Rv68S"
333,"‡∞§‡±Ä‡∞µ‡±ç‡∞∞‡∞Ç‡∞ó‡∞æ ‡∞µ‡±ç‡∞Ø‡∞§‡∞ø‡∞∞‡±á‡∞ï‡∞ø‡∞∏‡±ç‡∞§‡±ã‡∞®‡±ç‡∞® ‡∞Ö‡∞ó‡±ç‡∞∞‡∞µ‡∞∞‡±ç‡∞£‡∞æ‡∞≤‡±Å.. ‡∞â‡∞¶‡±ç‡∞∞‡∞ø‡∞ï‡±ç‡∞§‡∞§‡∞≤ ‡∞®‡∞°‡±Å‡∞Æ ‡∞™‡±ç‡∞∞‡∞µ‡±á‡∞∂‡∞Ç
#temple #Dalits #TeluguNews  #TamilnaduNews 
 https://t.co/4Ty3fTWXSM"
334,"‡∞∏‡±ç‡∞≤‡±ã ‡∞Ö‡∞Ç‡∞°‡±ç ‡∞∏‡±ç‡∞ü‡∞°‡±Ä ‡∞Ö‡∞Ç‡∞ü‡±Å‡∞®‡±ç‡∞® ‡∞ó‡±ç‡∞≤‡∞æ‡∞Æ‡∞∞‡±ç ‡∞π‡±Ä‡∞∞‡±ã‡∞Ø‡∞ø‡∞®‡±ç ‡∞Æ‡±É‡∞£‡∞æ‡∞≤‡±ç ‡∞†‡∞æ‡∞ï‡±Ç‡∞∞‡±ç - Mrunal Thakur -Latest Film News   #DulquerSalman #Nani #mrunalthakur #sitaramam #TeluguGossips #Gossips #Telugu #TeluguStop

https://t.co/sDJsNPQpG3"
335,"‡∞Ø‡±Å‡∞ú‡±ç‡∞µ‡±á‡∞Ç‡∞¶‡±ç‡∞∞ ‡∞ö‡∞æ‡∞π‡∞≤‡±ç ‡∞≠‡∞æ‡∞∞‡±ç‡∞Ø ‡∞ß‡∞®‡∞∂‡±ç‡∞∞‡±Ä ‡∞µ‡∞∞‡±ç‡∞Æ ‡∞§‡∞æ‡∞ú‡∞æ ‡∞µ‡±Ä‡∞°‡∞ø‡∞Ø‡±ã ‡∞ö‡±Ç‡∞∏‡∞ø‡∞® ‡∞§‡∞∞‡±ç‡∞µ‡∞æ‡∞§, ‡∞Ü‡∞Æ‡±Ü‡∞ï‡±Å ‡∞®‡∞°‡∞µ‡∞°‡∞Ç ‡∞ï‡±Ç‡∞°‡∞æ ‡∞∞‡∞æ‡∞¶‡∞®‡∞ø, ‡∞Ö‡∞§‡∞ø‡∞ó‡∞æ ‡∞§‡∞æ‡∞ó‡±á‡∞¶‡∞®‡∞ø¬†‡∞ö‡±Ü‡∞™‡±ç‡∞™‡∞æ‡∞∞‡±Å. https://t.co/KqfbQ05m21"
336,"‡∞¨‡∞Ç‡∞ó‡∞æ‡∞∞‡∞Ç‡∞™‡±à ‡∞¶‡∞ø‡∞ó‡±Å‡∞Æ‡∞§‡∞ø ‡∞∏‡±Å‡∞Ç‡∞ï‡∞Ç ‡∞§‡∞ó‡±ç‡∞ó‡±á‡∞®‡∞æ?
#Gold #goldpricetoday #TeluguNews #bigtv

https://t.co/5CdWQkv6YT"
337,"# ‡∞Ö‡∞ü‡∞µ‡±Ä ‡∞â‡∞§‡±ç‡∞™‡∞§‡±ç‡∞§‡±Å‡∞≤‡±Å ..‡∞Ü‡∞¶‡∞æ‡∞Ø ‡∞µ‡∞®‡∞∞‡±Å‡∞≤‡±Å  
# ‡∞ó‡∞ø‡∞ü‡±ç‡∞ü‡±Å‡∞¨‡∞æ‡∞ü‡±Å ‡∞ß‡∞∞‡∞§‡±ã ‡∞ú‡∞ø‡∞∏‡∞ø‡∞∏‡∞ø ‡∞ï‡±ä‡∞®‡±Å‡∞ó‡±ã‡∞≤‡±Å 
# ‡∞Æ‡±Å‡∞∑‡∞ø‡∞£‡∞ø ‡∞ó‡∞ø‡∞Ç‡∞ú‡∞≤‡∞ï‡±Å ‡∞ó‡∞ø‡∞∞‡∞æ‡∞ï‡±Ä 
# ‡∞Ü‡∞®‡∞Ç‡∞¶‡∞Ç‡∞≤‡±ã ‡∞ó‡∞ø‡∞∞‡∞ø‡∞ú‡∞®‡±Å‡∞≤‡±Å 

Follow for latest updates @andhragcc

Visit https://t.co/XORis0t2Gs

#andhragcc
#naturalproducts
#tribalproducts
#forestproduce
#rajmabeans
#arakucoffee
#mushini https://t.co/PFwGF8q6pc"
338,"‡∞ï‡∞∂‡±ç‡∞Æ‡±Ä‡∞∞‡±ç‚Äå‡∞≤‡±ã ‡∞≠‡∞¶‡±ç‡∞∞‡∞§‡∞™‡±à ‡∞Ö‡∞Æ‡∞ø‡∞§‡±ç ‡∞∑‡∞æ‚Äå‡∞ï‡±Å ‡∞∞‡∞æ‡∞π‡±Å‡∞≤‡±ç ‡∞∏‡∞µ‡∞æ‡∞≤‡±ç
#Kashmir #BharatJodoYatra #TeluguNews
 https://t.co/wMUgq59kQ4"
339,"2023-24 ‡∞Ü‡∞∞‡±ç‡∞•‡∞ø‡∞ï ‡∞∏‡∞Ç‡∞µ‡∞§‡±ç‡∞∏‡∞∞‡∞æ‡∞®‡∞ø‡∞ï‡∞ø ‡∞∏‡∞Ç‡∞¨‡∞Ç‡∞ß‡∞ø‡∞Ç‡∞ö‡∞ø‡∞® ‡∞ï‡±á‡∞Ç‡∞¶‡±ç‡∞∞ ‡∞¨‡∞°‡±ç‡∞ú‡±Ü‡∞ü‡±ç‚Äå‡∞®‡±Å ‡∞´‡∞ø‡∞¨‡±ç‡∞∞‡∞µ‡∞∞‡∞ø 1‡∞µ ‡∞§‡±á‡∞¶‡±Ä‡∞® ‡∞ï‡±á‡∞Ç‡∞¶‡±ç‡∞∞ ‡∞Ü‡∞∞‡±ç‡∞•‡∞ø‡∞ï‡∞∂‡∞æ‡∞ñ ‡∞Æ‡∞Ç‡∞§‡±ç‡∞∞‡∞ø ‡∞®‡∞ø‡∞∞‡±ç‡∞Æ‡∞≤‡∞æ ‡∞∏‡±Ä‡∞§‡∞æ‡∞∞‡∞æ‡∞Æ‡∞®‡±ç ‡∞™‡±ç‡∞∞‡∞µ‡±á‡∞∂‡∞™‡±Ü‡∞ü‡±ç‡∞ü‡∞®‡±Å‡∞®‡±ç‡∞®‡∞æ‡∞∞‡±Å..!!
#NirmalaSitharaman #UnionBudget2023 #Budget2023 #BudgetSession #UnionBudget #Oneindiatelugu
https://t.co/RvUeLqRjuc"
340,"‡∞Ö‡∞Æ‡±Ü‡∞∞‡∞ø‡∞ï‡∞æ‡∞≤‡±ã ‡∞Ö‡∞®‡∞ï‡±ä‡∞Ç‡∞°‡∞≤‡±Å ‡∞µ‡∞ø‡∞ß‡±ç‡∞µ‡∞Ç‡∞∏‡∞Ç‡∞§‡±ã ‡∞ú‡∞®‡∞Ç ‡∞π‡∞°‡∞≤‡±ç
#python #PadmaAwards #TeluguNews 
https://t.co/XazJZkQCxP"
341,"‡∞®‡∞Ç‡∞¶‡∞Æ‡±Ç‡∞∞‡∞ø ‡∞§‡∞æ‡∞∞‡∞ï‡∞∞‡∞§‡±ç‡∞® ‡∞™‡±ç‡∞∞‡∞∏‡±ç‡∞§‡±Å‡∞§‡∞Ç ‡∞¨‡±Ü‡∞Ç‡∞ó‡∞≥‡±Ç‡∞∞‡±Å‡∞≤‡±ã‡∞®‡∞ø ‡∞π‡∞æ‡∞∏‡±ç‡∞™‡∞ø‡∞ü‡∞≤‡±ç ‡∞≤‡±ã ‡∞™‡±ç‡∞∞‡∞æ‡∞£‡∞æ‡∞≤‡∞§‡±ã ‡∞™‡±ã‡∞∞‡∞æ‡∞°‡±Å‡∞§‡±Å‡∞®‡±ç‡∞® ‡∞µ‡∞ø‡∞∑‡∞Ø‡∞Ç ‡∞§‡±Ü‡∞≤‡∞ø‡∞∏‡∞ø‡∞Ç‡∞¶‡±á..!!
#tarakaratna #TarakaratnaHealthUpdate #TarakaRatnaNandamuri #NandamuriTarakaratna #Filmibeattelugu
https://t.co/h665KF5SMI"
342,"‚Äú‡∞ö‡∞∞‡∞£‡±ç 15‚Äù ‡∞∞‡∞ø‡∞≤‡±Ä‡∞ú‡±ç ‡∞™‡±à ‡∞≤‡±á‡∞ü‡±Ü‡∞∏‡±ç‡∞ü‡±ç ‡∞∏‡±ç‡∞ü‡±ç‡∞∞‡∞æ‡∞Ç‡∞ó‡±ç ‡∞¨‡∞ú‡±ç.! | https://t.co/FV9Ed5u1az 
#RC15"
343,"‡∞í‡∞ï‡±ç‡∞ï ‡∞∞‡±ã‡∞ú‡±á ‡∞∞‡±Ç.35 ‡∞™‡±Ü‡∞Ç‡∞™‡±Å‡∞§‡±ã ‡∞ú‡∞®‡∞Ç ‡∞¨‡±Ü‡∞Ç‡∞¨‡±á‡∞≤‡±Å
#fuel #Pakistan #crisis #TeluguNews https://t.co/ZP436AQDlY"
344,"‡∞â‡∞®‡±ç‡∞®‡∞§‡∞æ‡∞ß‡∞ø‡∞ï‡∞æ‡∞∞‡±Å‡∞≤ ‡∞µ‡±á‡∞ß‡∞ø‡∞Ç‡∞™‡±Å‡∞≤‡±Å ‡∞ï‡±Ç‡∞°‡∞æ ‡∞ï‡∞æ‡∞∞‡∞£‡∞Æ‡±á‡∞®‡∞æ?
#Odisha #Police #TeluguNews  
https://t.co/d9rH7wL4Ay"
